,price,size,municipality,distance,hasVideo,status,hasPlan,has3DTour,floor,hasLift,propertyType_chalet,propertyType_countryHouse,propertyType_duplex,propertyType_flat,propertyType_penthouse,propertyType_studio,exterior_False,exterior_True,rooms_0,rooms_1,rooms_2,rooms_3,rooms_4,bathrooms_1,bathrooms_2,bathrooms_3,showAddress_False,showAddress_True,has360_False,has360_True,has360_desconocido
0,750.0,0.12,0.44594784732012904,-0.25279877523681943,0.0,0.0,0.0,0.0,0.06935901391629631,1.0,0.0,0.0,0.0,0.0,0.0,0.0,0.0,0.0,0.0,1.0,0.0,0.0,0.0,0.0,0.0,0.0,-1.0,1.0,0.0,0.0,0.0
1,750.0,0.52,0.03822069223011262,0.18294900009568463,1.0,0.0,1.0,0.0,-0.7566276228704343,0.0,0.0,0.0,0.0,0.0,0.0,0.0,0.0,0.0,0.0,0.0,1.0,0.0,0.0,0.0,0.0,0.0,0.0,0.0,0.0,0.0,0.0
2,400.0,0.4,-4.51207273098828,2.043823557554301,0.0,0.0,0.0,0.0,0.0,0.0,0.0,0.0,0.0,-1.0,1.0,0.0,0.0,0.0,0.0,0.0,1.0,0.0,0.0,-1.0,1.0,0.0,0.0,0.0,-1.0,1.0,0.0
3,590.0,0.52,-2.0981840395068527,2.118218352310784,0.0,0.0,0.0,0.0,-1.1146799895044643,0.0,0.0,0.0,0.0,0.0,0.0,0.0,0.0,0.0,0.0,0.0,0.0,1.0,0.0,-1.0,1.0,0.0,0.0,0.0,0.0,0.0,0.0
4,684.0,-0.48,0.44594784732012904,-0.07965744904793799,-0.6778598699203771,-13.120517397052595,-0.37475834850433876,-11.53836688326544,-1.1146799895044643,-0.9527133354241732,0.0,0.0,0.0,-1.0,0.0,1.0,0.0,0.0,1.0,0.0,0.0,0.0,0.0,0.0,0.0,0.0,-1.0,1.0,-1.0,0.0,1.0
5,600.0,0.64,-1.9711372662709867,1.1836666347717921,0.0,0.0,0.0,0.0,0.06935901391629631,0.0,0.0,0.0,0.0,0.0,0.0,0.0,0.0,0.0,0.0,0.0,1.0,0.0,0.0,0.0,0.0,0.0,0.0,0.0,0.0,0.0,0.0
6,600.0,0.56,-1.8150873077887322,1.5216247249067074,0.0,0.0,0.0,0.0,0.24337237712956566,0.0,0.0,0.0,1.0,-1.0,0.0,0.0,0.0,0.0,0.0,1.0,0.0,0.0,0.0,0.0,0.0,0.0,0.0,0.0,0.0,0.0,0.0
7,550.0,-0.16,0.44594784732012904,-0.39771313749880394,0.0,0.0,0.0,0.0,0.24337237712956566,0.0,0.0,0.0,0.0,0.0,0.0,0.0,0.0,0.0,0.0,1.0,0.0,0.0,0.0,0.0,0.0,0.0,0.0,0.0,0.0,0.0,0.0
8,700.0,-1.16,0.44594784732012904,-0.32303128887187826,0.0,0.0,1.0,5.959511724524873,0.24337237712956566,0.0,0.0,0.0,0.0,-1.0,0.0,1.0,0.0,0.0,1.0,0.0,0.0,0.0,0.0,0.0,0.0,0.0,-1.0,1.0,0.0,0.0,0.0
9,700.0,1.16,-0.7006695339123288,0.9009664146971582,0.0,0.0,0.0,0.0,0.06935901391629631,1.0,0.0,0.0,1.0,-1.0,0.0,0.0,0.0,0.0,0.0,0.0,1.0,0.0,0.0,0.0,0.0,0.0,0.0,0.0,0.0,0.0,0.0
10,700.0,-0.48,0.44594784732012904,-0.4915797531336714,0.0,0.0,0.0,0.0,0.09604477213644151,0.0,0.0,0.0,0.0,0.0,0.0,0.0,1.0,-1.0,0.0,1.0,0.0,0.0,0.0,0.0,0.0,0.0,0.0,0.0,0.0,0.0,0.0
11,550.0,-0.12,-1.6792064634778687,0.665582240933882,0.0,0.0,0.0,0.0,-0.2554138231396218,0.0,0.0,0.0,0.0,0.0,0.0,0.0,0.0,0.0,0.0,0.0,1.0,0.0,0.0,0.0,0.0,0.0,-1.0,1.0,0.0,0.0,0.0
12,695.0,0.28,0.03822069223011262,0.1639077600229643,0.0,0.0,0.0,0.0,0.24337237712956566,0.0,0.0,0.0,0.0,0.0,0.0,0.0,0.0,0.0,0.0,0.0,1.0,0.0,0.0,0.0,0.0,0.0,-1.0,1.0,0.0,0.0,0.0
13,650.0,0.44,-1.0388477862747663,1.4395273179600039,0.0,0.0,0.0,0.0,-0.7566276228704343,0.0,0.0,0.0,0.0,0.0,0.0,0.0,0.0,0.0,0.0,0.0,1.0,0.0,0.0,0.0,0.0,0.0,0.0,0.0,0.0,0.0,0.0
14,700.0,-1.08,0.44594784732012904,-0.434121136733327,0.0,0.0,0.0,0.0,0.24337237712956566,1.0,0.0,0.0,0.0,0.0,0.0,0.0,1.0,-1.0,0.0,1.0,0.0,0.0,0.0,0.0,0.0,0.0,0.0,0.0,0.0,0.0,0.0
15,700.0,-0.88,0.44594784732012904,-0.4988517845182279,0.0,0.0,0.0,0.0,0.24337237712956566,0.0,0.0,0.0,0.0,0.0,0.0,0.0,1.0,-1.0,0.0,1.0,0.0,0.0,0.0,0.0,0.0,0.0,0.0,0.0,0.0,0.0,0.0
16,700.0,-0.56,0.44594784732012904,-0.3769495742034255,1.0,0.0,0.0,0.0,0.0,1.0,0.0,0.0,0.0,0.0,0.0,0.0,0.0,0.0,0.0,1.0,0.0,0.0,0.0,0.0,0.0,0.0,0.0,0.0,0.0,0.0,0.0
17,650.0,0.12,0.44594784732012904,-0.3988135106688355,0.0,0.0,0.0,0.0,0.24337237712956566,0.0,0.0,0.0,0.0,0.0,0.0,0.0,0.0,0.0,0.0,0.0,1.0,0.0,0.0,0.0,0.0,0.0,-1.0,1.0,0.0,0.0,0.0
18,650.0,5.96,-1.2119890839872218,1.477083532676299,0.0,0.0,0.0,0.0,-1.1146799895044643,-0.9527133354241732,1.0,0.0,0.0,-1.0,0.0,0.0,1.0,-1.0,0.0,0.0,0.0,1.0,0.0,0.0,0.0,0.0,0.0,0.0,0.0,0.0,0.0
19,700.0,1.92,-1.8867506702131016,1.5157401205626255,0.0,0.0,0.0,0.0,-0.7566276228704343,0.0,0.0,0.0,0.0,0.0,0.0,0.0,0.0,0.0,0.0,0.0,0.0,1.0,0.0,-1.0,1.0,0.0,0.0,0.0,0.0,0.0,0.0
20,695.0,-0.68,0.44594784732012904,-0.4808152329920582,0.0,0.0,1.0,0.0,0.6363553498969287,1.0,0.0,0.0,0.0,0.0,0.0,0.0,1.0,-1.0,0.0,1.0,0.0,0.0,0.0,0.0,0.0,0.0,0.0,0.0,0.0,0.0,0.0
21,675.0,-0.68,-0.8548004143650447,0.5375083724045546,0.0,0.0,0.0,0.0,-0.7566276228704343,0.0,0.0,0.0,0.0,0.0,0.0,0.0,0.0,0.0,0.0,1.0,0.0,0.0,0.0,0.0,0.0,0.0,0.0,0.0,0.0,0.0,0.0
22,750.0,-0.48,0.44594784732012904,-0.5403310687972442,1.0,0.0,0.0,0.0,-0.7566276228704343,1.0,0.0,0.0,0.0,-1.0,0.0,1.0,1.0,-1.0,1.0,0.0,0.0,0.0,0.0,0.0,0.0,0.0,0.0,0.0,0.0,0.0,0.0
23,750.0,1.68,-1.8867506702131016,1.4912926992632285,0.0,0.0,0.0,0.0,0.24337237712956566,1.0,0.0,0.0,0.0,0.0,0.0,0.0,0.0,0.0,0.0,0.0,0.0,1.0,0.0,-1.0,1.0,0.0,0.0,0.0,0.0,0.0,0.0
24,680.0,-0.76,0.44594784732012904,-0.4655056932350971,0.0,0.0,0.0,0.0,0.24337237712956566,1.0,0.0,0.0,0.0,0.0,0.0,0.0,1.0,-1.0,0.0,1.0,0.0,0.0,0.0,0.0,0.0,0.0,-1.0,1.0,0.0,0.0,0.0
25,750.0,-0.24,0.44594784732012904,-0.020332982489713904,0.0,0.0,0.0,0.0,0.24337237712956566,1.0,0.0,0.0,0.0,0.0,0.0,0.0,0.0,0.0,0.0,1.0,0.0,0.0,0.0,0.0,0.0,0.0,0.0,0.0,0.0,0.0,0.0
26,750.0,0.12,-0.06543566773301081,0.4303415941058272,0.0,0.0,0.0,0.0,0.0,0.0,0.0,0.0,0.0,-1.0,1.0,0.0,0.0,0.0,0.0,1.0,0.0,0.0,0.0,0.0,0.0,0.0,0.0,0.0,0.0,0.0,0.0
27,750.0,-1.28,0.44594784732012904,-0.5639651707970529,0.0,0.0,0.0,0.0,0.6363553498969287,1.0,0.0,0.0,0.0,-1.0,0.0,1.0,1.0,-1.0,1.0,0.0,0.0,0.0,0.0,0.0,0.0,0.0,0.0,0.0,0.0,0.0,0.0
28,750.0,-0.68,0.44594784732012904,-0.4943067649028801,0.0,0.0,0.0,0.0,0.24337237712956566,0.0,0.0,0.0,0.0,0.0,0.0,0.0,1.0,-1.0,0.0,1.0,0.0,0.0,0.0,0.0,0.0,0.0,0.0,0.0,0.0,0.0,0.0
29,650.0,0.2,0.44594784732012904,-0.2143335565974548,0.0,0.0,1.0,0.0,0.24337237712956566,0.0,0.0,0.0,0.0,0.0,0.0,0.0,0.0,0.0,0.0,0.0,1.0,0.0,0.0,0.0,0.0,0.0,0.0,0.0,0.0,0.0,0.0
30,750.0,-1.08,0.44594784732012904,-0.5447325614773706,1.0,0.0,0.0,0.0,0.06935901391629631,0.0,0.0,0.0,0.0,-1.0,0.0,1.0,0.0,0.0,1.0,0.0,0.0,0.0,0.0,0.0,0.0,0.0,0.0,0.0,0.0,0.0,0.0
31,750.0,-0.72,0.44594784732012904,-0.49205817625107645,0.0,0.0,1.0,0.0,0.09604477213644151,0.0,0.0,0.0,0.0,0.0,0.0,0.0,1.0,-1.0,0.0,1.0,0.0,0.0,0.0,0.0,0.0,0.0,0.0,0.0,0.0,0.0,0.0
32,700.0,0.2,0.44594784732012904,-0.18318821165438715,1.0,0.0,1.0,0.0,0.06935901391629631,0.0,0.0,0.0,0.0,0.0,0.0,0.0,0.0,0.0,0.0,0.0,1.0,0.0,0.0,0.0,0.0,0.0,0.0,0.0,-1.0,1.0,0.0
33,747.0,1.56,-0.7133421465753402,0.6836666347717921,0.0,0.0,1.0,0.0,0.24337237712956566,1.0,0.0,0.0,0.0,0.0,0.0,0.0,0.0,0.0,0.0,0.0,0.0,1.0,0.0,-1.0,1.0,0.0,0.0,0.0,0.0,0.0,0.0
34,640.0,-0.88,0.44594784732012904,-0.239068031767295,0.0,0.0,0.0,0.0,0.24337237712956566,1.0,0.0,0.0,0.0,-1.0,0.0,1.0,0.0,0.0,1.0,0.0,0.0,0.0,0.0,0.0,0.0,0.0,0.0,0.0,0.0,0.0,0.0
35,750.0,-1.08,0.44594784732012904,-0.4874174720122476,0.0,0.0,0.0,0.0,0.18515263338651083,1.0,0.0,0.0,0.0,0.0,0.0,0.0,1.0,-1.0,0.0,1.0,0.0,0.0,0.0,0.0,0.0,0.0,0.0,0.0,0.0,0.0,0.0
36,750.0,0.52,-0.13766047971825757,0.7837527509329251,0.0,0.0,0.0,0.0,0.0,1.0,0.0,0.0,0.0,0.0,0.0,0.0,0.0,0.0,0.0,0.0,1.0,0.0,0.0,0.0,0.0,0.0,-1.0,1.0,0.0,0.0,0.0
37,625.0,-0.2,-1.6535203331813166,1.3455171753899149,0.0,0.0,0.0,0.0,0.0,0.0,0.0,0.0,0.0,0.0,0.0,0.0,0.0,0.0,0.0,0.0,1.0,0.0,0.0,0.0,0.0,0.0,-1.0,1.0,0.0,0.0,0.0
38,700.0,-0.68,0.44594784732012904,-0.521002774854081,0.0,0.0,0.0,0.0,0.06935901391629631,1.0,0.0,0.0,0.0,-1.0,0.0,1.0,0.0,0.0,1.0,0.0,0.0,0.0,0.0,0.0,0.0,0.0,0.0,0.0,0.0,0.0,0.0
39,750.0,-0.68,0.44594784732012904,-0.4738302554779447,0.0,0.0,0.0,0.0,-0.2554138231396218,1.0,0.0,0.0,0.0,-1.0,0.0,1.0,0.0,0.0,1.0,0.0,0.0,0.0,0.0,0.0,0.0,0.0,-1.0,1.0,0.0,0.0,0.0
40,650.0,-0.88,0.44594784732012904,-0.535833891493637,1.0,0.0,0.0,0.0,0.0,1.0,0.0,0.0,0.0,0.0,0.0,0.0,1.0,-1.0,0.0,1.0,0.0,0.0,0.0,0.0,0.0,0.0,0.0,0.0,0.0,0.0,0.0
41,720.0,0.52,-0.13766047971825757,0.8026983063821644,0.0,0.0,0.0,0.0,0.0,0.0,0.0,0.0,0.0,0.0,0.0,0.0,0.0,0.0,0.0,0.0,0.0,1.0,0.0,0.0,0.0,0.0,0.0,0.0,0.0,0.0,0.0
42,699.0,-0.2,0.44594784732012904,-0.25016744809109176,0.0,0.0,0.0,0.0,0.06935901391629631,1.0,0.0,0.0,0.0,0.0,0.0,0.0,0.0,0.0,0.0,1.0,0.0,0.0,0.0,0.0,0.0,0.0,-1.0,1.0,0.0,0.0,0.0
43,750.0,0.32,-1.5134265035718648,0.03636015692278251,0.0,0.0,0.0,0.0,-1.1146799895044643,1.0,0.0,0.0,0.0,0.0,0.0,0.0,0.0,0.0,0.0,0.0,1.0,0.0,0.0,0.0,0.0,0.0,0.0,0.0,0.0,0.0,0.0
44,695.0,0.32,-0.3973630032626751,0.07573437948521673,0.0,0.0,0.0,0.0,-1.1146799895044643,1.0,0.0,0.0,0.0,0.0,0.0,0.0,0.0,0.0,0.0,0.0,1.0,0.0,0.0,0.0,0.0,0.0,0.0,0.0,0.0,0.0,0.0
45,750.0,0.84,-0.7628881162943967,0.3539374222562434,0.0,0.0,0.0,0.0,-1.1146799895044643,1.0,0.0,0.0,0.0,0.0,0.0,0.0,0.0,0.0,0.0,0.0,1.0,0.0,0.0,-1.0,1.0,0.0,0.0,0.0,0.0,0.0,0.0
46,620.0,0.12,0.44594784732012904,-0.20763563295378432,0.0,0.0,0.0,0.0,-1.1146799895044643,0.0,0.0,0.0,0.0,0.0,0.0,0.0,0.0,0.0,0.0,0.0,1.0,0.0,0.0,0.0,0.0,0.0,0.0,0.0,0.0,0.0,0.0
47,500.0,-1.16,0.44594784732012904,-0.5526743852262941,0.0,0.0,0.0,0.0,0.24337237712956566,0.0,0.0,0.0,0.0,-1.0,0.0,1.0,1.0,-1.0,1.0,0.0,0.0,0.0,0.0,0.0,0.0,0.0,0.0,0.0,0.0,0.0,0.0
48,550.0,-0.76,-1.5134265035718648,-0.06616591713711606,0.0,0.0,0.0,0.0,-1.1146799895044643,0.0,0.0,0.0,0.0,0.0,0.0,0.0,0.0,0.0,0.0,1.0,0.0,0.0,0.0,0.0,0.0,0.0,0.0,0.0,0.0,0.0,0.0
49,750.0,-0.44,0.44594784732012904,-0.5188498708257583,1.0,0.0,0.0,0.0,0.06935901391629631,1.0,0.0,0.0,0.0,0.0,0.0,0.0,1.0,-1.0,0.0,1.0,0.0,0.0,0.0,0.0,0.0,0.0,0.0,0.0,0.0,0.0,0.0
50,680.0,-0.08,0.44594784732012904,-0.34561286001339586,0.0,0.0,0.0,0.0,-0.7566276228704343,0.0,0.0,0.0,0.0,-1.0,0.0,1.0,0.0,0.0,1.0,0.0,0.0,0.0,0.0,0.0,0.0,0.0,0.0,0.0,0.0,0.0,0.0
51,700.0,-0.28,-0.7006695339123288,0.9439766529518706,-0.6778598699203771,-13.120517397052595,-0.37475834850433876,-11.53836688326544,-1.1146799895044643,-0.9527133354241732,0.0,0.0,0.0,0.0,0.0,0.0,0.0,0.0,0.0,1.0,0.0,0.0,0.0,-1.0,1.0,0.0,0.0,0.0,-1.0,0.0,1.0
52,750.0,-0.88,0.44594784732012904,-0.39584728734092434,-0.6778598699203771,-13.120517397052595,-0.37475834850433876,-11.53836688326544,-1.1146799895044643,-0.9527133354241732,0.0,0.0,1.0,-1.0,0.0,0.0,0.0,0.0,0.0,1.0,0.0,0.0,0.0,0.0,0.0,0.0,0.0,0.0,-1.0,0.0,1.0
53,750.0,0.36,-0.2676177480528327,0.04736388862309827,1.0,0.0,0.0,0.0,0.24337237712956566,1.0,0.0,0.0,0.0,0.0,0.0,0.0,0.0,0.0,0.0,0.0,1.0,0.0,0.0,0.0,0.0,0.0,0.0,0.0,0.0,0.0,0.0
54,650.0,0.32,-0.13766047971825757,0.819012534685676,0.0,0.0,0.0,0.0,-0.2554138231396218,1.0,0.0,0.0,0.0,0.0,0.0,0.0,0.0,0.0,0.0,1.0,0.0,0.0,0.0,0.0,0.0,0.0,0.0,0.0,0.0,0.0,0.0
55,720.0,3.04,-1.1666168186600694,0.34121136733326957,0.0,0.0,1.0,0.0,0.24337237712956566,1.0,0.0,0.0,0.0,0.0,0.0,0.0,1.0,-1.0,0.0,0.0,0.0,1.0,0.0,-1.0,1.0,0.0,0.0,0.0,-1.0,1.0,0.0
56,600.0,-0.28,-1.4582452091914828,0.5793225528657545,0.0,0.0,0.0,0.0,-1.1146799895044643,1.0,0.0,0.0,0.0,0.0,0.0,0.0,0.0,0.0,0.0,1.0,0.0,0.0,0.0,0.0,0.0,0.0,0.0,0.0,0.0,0.0,0.0
57,650.0,0.16,-0.5090691482762065,1.079561764424457,0.0,0.0,0.0,0.0,0.0,1.0,0.0,0.0,0.0,0.0,0.0,0.0,0.0,0.0,0.0,1.0,0.0,0.0,0.0,0.0,0.0,0.0,0.0,0.0,0.0,0.0,0.0
58,650.0,0.32,-0.2676177480528327,-0.03750837240455459,0.0,0.0,0.0,0.0,0.06935901391629631,0.0,0.0,0.0,0.0,0.0,0.0,0.0,1.0,-1.0,0.0,0.0,1.0,0.0,0.0,0.0,0.0,0.0,0.0,0.0,0.0,0.0,0.0
59,700.0,-0.48,0.44594784732012904,0.0,0.0,0.0,0.0,0.0,0.06935901391629631,0.0,0.0,0.0,0.0,0.0,0.0,0.0,0.0,0.0,0.0,1.0,0.0,0.0,0.0,0.0,0.0,0.0,0.0,0.0,0.0,0.0,0.0
60,625.0,0.2,-0.4735453216699328,-0.03133671419002966,0.0,0.0,0.0,0.0,-0.7566276228704343,0.0,0.0,0.0,0.0,0.0,0.0,0.0,0.0,0.0,0.0,0.0,1.0,0.0,0.0,0.0,0.0,0.0,0.0,0.0,0.0,0.0,0.0
61,595.0,-0.48,0.44594784732012904,-0.37211750071763466,0.0,0.0,0.0,0.0,-0.7566276228704343,0.0,0.0,0.0,0.0,0.0,0.0,0.0,0.0,0.0,0.0,1.0,0.0,0.0,0.0,0.0,0.0,0.0,0.0,0.0,0.0,0.0,0.0
62,650.0,-0.08,0.44594784732012904,-0.08736006123815902,0.0,0.0,0.0,0.0,0.6363553498969287,1.0,0.0,0.0,0.0,0.0,0.0,0.0,0.0,0.0,0.0,1.0,0.0,0.0,0.0,0.0,0.0,0.0,0.0,0.0,0.0,0.0,0.0
63,725.0,-0.28,0.44594784732012904,-0.22069658405894174,1.0,0.0,1.0,0.0,0.0,1.0,0.0,0.0,0.0,0.0,0.0,0.0,0.0,0.0,0.0,1.0,0.0,0.0,0.0,0.0,0.0,0.0,0.0,0.0,0.0,0.0,0.0
64,750.0,1.52,-0.13766047971825757,0.7732274423500144,0.0,0.0,0.0,0.0,0.08208095386938932,1.0,0.0,0.0,0.0,0.0,0.0,0.0,0.0,0.0,0.0,0.0,0.0,1.0,0.0,0.0,0.0,0.0,0.0,0.0,0.0,0.0,0.0
65,700.0,-1.08,0.44594784732012904,-0.013013108793416897,0.0,0.0,0.0,0.0,0.24337237712956566,1.0,0.0,0.0,0.0,-1.0,1.0,0.0,0.0,0.0,0.0,1.0,0.0,0.0,0.0,0.0,0.0,0.0,-1.0,1.0,-1.0,1.0,0.0
66,700.0,-1.2,0.44594784732012904,-0.5229164673237011,0.0,0.0,0.0,0.0,0.06935901391629631,0.0,0.0,0.0,0.0,0.0,0.0,0.0,1.0,-1.0,0.0,1.0,0.0,0.0,0.0,0.0,0.0,0.0,0.0,0.0,0.0,0.0,0.0
67,650.0,0.08,-0.13766047971825757,0.8726916084585207,0.0,0.0,0.0,0.0,0.24337237712956566,1.0,0.0,0.0,0.0,0.0,0.0,0.0,0.0,0.0,0.0,0.0,1.0,0.0,0.0,0.0,0.0,0.0,0.0,0.0,0.0,0.0,0.0
68,550.0,-0.68,-2.6063711324503047,0.2597359104391924,0.0,0.0,0.0,0.0,0.06935901391629631,1.0,0.0,0.0,0.0,0.0,0.0,0.0,0.0,0.0,0.0,1.0,0.0,0.0,0.0,0.0,0.0,0.0,0.0,0.0,0.0,0.0,0.0
69,650.0,-0.08,0.44594784732012904,-0.09688068127451918,0.0,0.0,0.0,0.0,0.6363553498969287,1.0,0.0,0.0,0.0,0.0,0.0,0.0,0.0,0.0,0.0,1.0,0.0,0.0,0.0,0.0,0.0,0.0,0.0,0.0,0.0,0.0,0.0
70,750.0,0.32,0.44594784732012904,-0.32250502344273274,0.0,0.0,0.0,0.0,-1.1146799895044643,1.0,0.0,0.0,0.0,0.0,0.0,0.0,0.0,0.0,0.0,0.0,1.0,0.0,0.0,0.0,0.0,0.0,0.0,0.0,0.0,0.0,0.0
71,725.0,0.52,0.44594784732012904,-0.3924983255190891,0.0,0.0,0.0,0.0,-1.1146799895044643,1.0,0.0,0.0,0.0,0.0,0.0,0.0,0.0,0.0,0.0,0.0,1.0,0.0,0.0,0.0,0.0,0.0,0.0,0.0,0.0,0.0,0.0
72,700.0,0.92,-0.13766047971825757,0.8199693809204861,0.0,0.0,0.0,0.0,0.24337237712956566,0.0,0.0,0.0,0.0,0.0,0.0,0.0,0.0,0.0,0.0,1.0,0.0,0.0,0.0,0.0,0.0,0.0,0.0,0.0,0.0,0.0,0.0
73,650.0,-0.68,0.44594784732012904,-0.00464070423882882,0.0,0.0,0.0,0.0,-0.7566276228704343,1.0,0.0,0.0,0.0,0.0,0.0,0.0,0.0,0.0,0.0,1.0,0.0,0.0,0.0,0.0,0.0,0.0,-1.0,1.0,0.0,0.0,0.0
74,695.0,1.32,0.44594784732012904,-0.21969189551239116,0.0,0.0,0.0,0.0,-1.1146799895044643,0.0,0.0,0.0,0.0,0.0,0.0,0.0,0.0,0.0,0.0,0.0,0.0,1.0,0.0,0.0,0.0,0.0,0.0,0.0,0.0,0.0,0.0
75,750.0,-0.08,0.44594784732012904,-0.3015979332121328,0.0,0.0,0.0,0.0,-1.1146799895044643,0.0,0.0,0.0,0.0,0.0,0.0,0.0,0.0,0.0,0.0,1.0,0.0,0.0,0.0,0.0,0.0,0.0,0.0,0.0,0.0,0.0,0.0
76,650.0,0.32,0.44594784732012904,-0.2278250885082767,0.0,0.0,0.0,0.0,-1.1146799895044643,1.0,0.0,0.0,0.0,0.0,0.0,0.0,0.0,0.0,0.0,0.0,1.0,0.0,0.0,0.0,0.0,0.0,0.0,0.0,0.0,0.0,0.0
77,666.0,0.52,-0.8548004143650447,0.5999904315376519,0.0,0.0,0.0,0.0,0.24337237712956566,1.0,0.0,0.0,0.0,0.0,0.0,0.0,0.0,0.0,0.0,1.0,0.0,0.0,0.0,-1.0,1.0,0.0,0.0,0.0,0.0,0.0,0.0
78,750.0,0.84,-0.13766047971825757,0.8446560137785858,0.0,0.0,0.0,0.0,-1.1146799895044643,1.0,0.0,0.0,0.0,0.0,0.0,0.0,0.0,0.0,0.0,0.0,1.0,0.0,0.0,-1.0,1.0,0.0,0.0,0.0,0.0,0.0,0.0
79,630.0,0.68,-1.5899969465633894,1.1559659362740407,0.0,0.0,0.0,0.0,-1.1146799895044643,1.0,0.0,0.0,0.0,0.0,0.0,0.0,0.0,0.0,0.0,0.0,0.0,1.0,0.0,0.0,0.0,0.0,0.0,0.0,0.0,0.0,0.0
80,635.0,-0.08,-1.5134265035718648,0.10558798201129078,0.0,0.0,0.0,0.0,0.0,1.0,0.0,0.0,0.0,-1.0,0.0,1.0,0.0,0.0,1.0,0.0,0.0,0.0,0.0,0.0,0.0,0.0,0.0,0.0,0.0,0.0,0.0
81,725.0,0.48,-0.5090691482762065,1.1276911300354033,1.0,0.0,0.0,0.0,0.24337237712956566,1.0,0.0,0.0,0.0,0.0,0.0,0.0,0.0,0.0,0.0,0.0,1.0,0.0,0.0,0.0,0.0,0.0,-1.0,1.0,0.0,0.0,0.0
82,750.0,-0.88,0.44594784732012904,-0.5483685771696488,0.0,0.0,1.0,0.0,0.24337237712956566,0.0,0.0,0.0,0.0,0.0,0.0,0.0,1.0,-1.0,0.0,1.0,0.0,0.0,0.0,0.0,0.0,0.0,-1.0,1.0,0.0,0.0,0.0
83,690.0,0.32,0.44594784732012904,-0.3634580422926036,0.0,0.0,0.0,0.0,0.06935901391629631,0.0,0.0,0.0,0.0,0.0,0.0,0.0,0.0,0.0,0.0,0.0,1.0,0.0,0.0,0.0,0.0,0.0,-1.0,1.0,0.0,0.0,0.0
84,700.0,-1.08,0.44594784732012904,-0.5396612764328772,0.0,0.0,0.0,0.0,0.0,1.0,0.0,0.0,0.0,-1.0,0.0,1.0,1.0,-1.0,1.0,0.0,0.0,0.0,0.0,0.0,0.0,0.0,-1.0,1.0,0.0,0.0,0.0
85,730.0,0.28,-0.35560696865778596,0.3786240551143431,1.0,0.0,1.0,0.0,0.24337237712956566,0.0,0.0,0.0,0.0,0.0,0.0,0.0,0.0,0.0,0.0,0.0,0.0,1.0,0.0,0.0,0.0,0.0,0.0,0.0,-1.0,1.0,0.0
86,750.0,-0.24,0.44594784732012904,-0.42507893981437184,0.0,0.0,0.0,0.0,0.24337237712956566,1.0,0.0,0.0,0.0,0.0,0.0,0.0,0.0,0.0,0.0,1.0,0.0,0.0,0.0,0.0,0.0,0.0,0.0,0.0,0.0,0.0,0.0
87,750.0,-0.36,0.0,0.3925461678308296,0.0,0.0,0.0,0.0,0.6363553498969287,1.0,0.0,0.0,0.0,0.0,0.0,0.0,1.0,-1.0,0.0,1.0,0.0,0.0,0.0,0.0,0.0,0.0,0.0,0.0,0.0,0.0,0.0
88,690.0,-0.88,0.44594784732012904,-0.35972634197684433,0.0,0.0,0.0,0.0,-1.1146799895044643,0.0,0.0,0.0,0.0,0.0,0.0,0.0,0.0,0.0,0.0,1.0,0.0,0.0,0.0,0.0,0.0,0.0,0.0,0.0,0.0,0.0,0.0
89,750.0,0.68,-0.2676177480528327,0.0332982489713903,0.0,0.0,0.0,0.0,0.6363553498969287,1.0,0.0,0.0,0.0,0.0,0.0,0.0,0.0,0.0,0.0,0.0,0.0,1.0,0.0,0.0,0.0,0.0,0.0,0.0,0.0,0.0,0.0
90,700.0,-0.88,0.44594784732012904,-0.5487034733518323,0.0,0.0,0.0,0.0,-0.7566276228704343,0.0,0.0,0.0,1.0,-1.0,0.0,0.0,0.0,0.0,0.0,1.0,0.0,0.0,0.0,0.0,0.0,0.0,0.0,0.0,0.0,0.0,0.0
91,720.0,-0.6,0.44594784732012904,-0.19079513922112717,0.0,0.0,1.0,0.0,0.6363553498969287,1.0,0.0,0.0,0.0,0.0,0.0,0.0,0.0,0.0,0.0,1.0,0.0,0.0,0.0,0.0,0.0,0.0,0.0,0.0,0.0,0.0,0.0
92,595.0,-0.08,-2.034660652888914,0.8314036934264664,0.0,0.0,1.0,0.0,0.24337237712956566,0.0,0.0,0.0,0.0,0.0,0.0,0.0,0.0,0.0,0.0,1.0,0.0,0.0,0.0,0.0,0.0,0.0,0.0,0.0,0.0,0.0,0.0
93,700.0,-0.48,0.44594784732012904,-0.536216629987561,0.0,0.0,0.0,0.0,0.24337237712956566,0.0,0.0,0.0,0.0,0.0,0.0,0.0,1.0,-1.0,0.0,1.0,0.0,0.0,0.0,0.0,0.0,0.0,0.0,0.0,0.0,0.0,0.0
94,500.0,-0.48,-2.0776955725495214,0.950483207348579,0.0,0.0,0.0,0.0,-1.1146799895044643,0.0,0.0,0.0,0.0,0.0,0.0,0.0,0.0,0.0,0.0,1.0,0.0,0.0,0.0,0.0,0.0,0.0,0.0,0.0,0.0,0.0,0.0
95,700.0,0.72,-1.8867506702131016,1.5115299971294613,1.0,0.0,1.0,0.0,0.24337237712956566,0.0,0.0,0.0,0.0,0.0,0.0,0.0,0.0,0.0,0.0,0.0,1.0,0.0,0.0,0.0,0.0,0.0,-1.0,1.0,0.0,0.0,0.0
96,675.0,1.2,-1.8150873077887322,1.5396612764328772,0.0,0.0,0.0,0.0,0.0,0.0,0.0,0.0,1.0,-1.0,0.0,0.0,0.0,0.0,0.0,0.0,1.0,0.0,0.0,-1.0,1.0,0.0,0.0,0.0,0.0,0.0,0.0
97,650.0,-0.48,-1.3359034000916579,1.2161515644435938,0.0,0.0,0.0,0.0,-0.7566276228704343,0.0,0.0,0.0,0.0,0.0,0.0,0.0,0.0,0.0,0.0,1.0,0.0,0.0,0.0,0.0,0.0,0.0,0.0,0.0,0.0,0.0,0.0
98,750.0,-0.08,0.44594784732012904,-0.5455458807769591,0.0,0.0,1.0,5.959511724524873,0.0,1.0,0.0,0.0,0.0,-1.0,0.0,1.0,0.0,0.0,1.0,0.0,0.0,0.0,0.0,0.0,0.0,0.0,-1.0,1.0,0.0,0.0,0.0
99,720.0,-0.48,0.03822069223011262,0.14888527413644628,1.0,0.0,1.0,0.0,0.09604477213644151,1.0,0.0,0.0,0.0,-1.0,0.0,1.0,0.0,0.0,1.0,0.0,0.0,0.0,0.0,0.0,0.0,0.0,-1.0,1.0,-1.0,1.0,0.0
100,624.0,-0.48,-1.4582452091914828,0.5624342168213569,1.0,-7.827968160507453,1.0,0.0,-1.1146799895044643,1.0,0.0,0.0,0.0,0.0,0.0,0.0,0.0,0.0,0.0,1.0,0.0,0.0,0.0,0.0,0.0,0.0,-1.0,1.0,0.0,0.0,0.0
101,633.0,-0.48,-1.4582452091914828,0.5624342168213569,1.0,-7.827968160507453,1.0,0.0,-1.1146799895044643,1.0,0.0,0.0,0.0,0.0,0.0,0.0,0.0,0.0,0.0,1.0,0.0,0.0,0.0,0.0,0.0,0.0,-1.0,1.0,0.0,0.0,0.0
102,640.0,-0.96,0.44594784732012904,-0.054157496890249734,0.0,0.0,1.0,0.0,0.0,1.0,0.0,0.0,0.0,-1.0,0.0,1.0,0.0,0.0,1.0,0.0,0.0,0.0,0.0,0.0,0.0,0.0,-1.0,1.0,0.0,0.0,0.0
103,645.0,1.08,-1.8867506702131016,1.507319873696297,0.0,0.0,0.0,0.0,0.0,1.0,0.0,0.0,0.0,0.0,0.0,0.0,0.0,0.0,0.0,0.0,1.0,0.0,0.0,-1.0,1.0,0.0,-1.0,1.0,-1.0,1.0,0.0
104,750.0,-0.44,0.44594784732012904,-0.5383216917041431,0.0,0.0,1.0,0.0,0.06935901391629631,0.0,0.0,0.0,0.0,0.0,0.0,0.0,1.0,-1.0,0.0,1.0,0.0,0.0,0.0,0.0,0.0,0.0,-1.0,1.0,-1.0,1.0,0.0
105,735.0,-0.88,0.44594784732012904,-0.05898957037604057,0.0,0.0,1.0,0.0,0.24337237712956566,1.0,0.0,0.0,0.0,-1.0,0.0,1.0,0.0,0.0,1.0,0.0,0.0,0.0,0.0,0.0,0.0,0.0,-1.0,1.0,-1.0,1.0,0.0
106,600.0,-0.08,-1.9711372662709867,0.6156348674767965,-0.6778598699203771,-13.120517397052595,-0.37475834850433876,-11.53836688326544,-1.1146799895044643,-0.9527133354241732,0.0,0.0,0.0,0.0,0.0,0.0,0.0,0.0,0.0,1.0,0.0,0.0,0.0,0.0,0.0,0.0,0.0,0.0,-1.0,0.0,1.0
107,750.0,0.72,0.44594784732012904,-0.1930437278729308,0.0,0.0,0.0,0.0,-1.1146799895044643,0.0,0.0,0.0,0.0,0.0,0.0,0.0,0.0,0.0,0.0,0.0,0.0,1.0,0.0,0.0,0.0,0.0,0.0,0.0,0.0,0.0,0.0
108,600.0,-1.28,0.44594784732012904,-0.5807099799062291,0.0,0.0,1.0,0.0,0.09604477213644151,1.0,0.0,0.0,0.0,-1.0,1.0,0.0,0.0,0.0,0.0,1.0,0.0,0.0,0.0,0.0,0.0,0.0,-1.0,1.0,-1.0,1.0,0.0
109,705.0,-0.36,0.44594784732012904,-0.0406181226676873,0.0,0.0,1.0,0.0,0.6363553498969287,1.0,0.0,0.0,0.0,0.0,0.0,0.0,0.0,0.0,0.0,1.0,0.0,0.0,0.0,0.0,0.0,0.0,-1.0,1.0,0.0,0.0,0.0
110,650.0,0.2,-1.186627299003603,1.478710171275476,1.0,0.0,1.0,0.0,0.06935901391629631,0.0,0.0,0.0,0.0,0.0,0.0,0.0,0.0,0.0,0.0,0.0,1.0,0.0,0.0,0.0,0.0,0.0,0.0,0.0,0.0,0.0,0.0
111,700.0,0.16,-0.306783286704407,0.5547794469428763,0.0,0.0,0.0,0.0,0.24337237712956566,0.0,0.0,0.0,1.0,-1.0,0.0,0.0,0.0,0.0,0.0,0.0,1.0,0.0,0.0,0.0,0.0,0.0,0.0,0.0,0.0,0.0,0.0
112,650.0,-0.68,0.44594784732012904,-0.34604344081906036,0.0,0.0,0.0,0.0,-0.2554138231396218,1.0,0.0,0.0,0.0,-1.0,0.0,1.0,1.0,-1.0,1.0,0.0,0.0,0.0,0.0,0.0,0.0,0.0,0.0,0.0,0.0,0.0,0.0
113,700.0,-0.68,0.44594784732012904,-0.442302172040953,0.0,0.0,0.0,0.0,-0.7566276228704343,0.0,0.0,0.0,0.0,0.0,0.0,0.0,0.0,0.0,0.0,1.0,0.0,0.0,0.0,0.0,0.0,0.0,0.0,0.0,0.0,0.0,0.0
114,730.0,-0.24,0.44594784732012904,-0.26571619940675534,1.0,0.0,1.0,0.0,0.6363553498969287,0.0,0.0,0.0,0.0,0.0,0.0,0.0,0.0,0.0,0.0,0.0,1.0,0.0,0.0,0.0,0.0,0.0,0.0,0.0,-1.0,1.0,0.0
115,750.0,-0.28,0.44594784732012904,-0.19089082384460818,1.0,0.0,1.0,0.0,0.06935901391629631,0.0,0.0,0.0,0.0,0.0,0.0,0.0,0.0,0.0,0.0,0.0,1.0,0.0,0.0,0.0,0.0,0.0,0.0,0.0,-1.0,1.0,0.0
116,680.0,-0.04,-0.7628881162943967,0.33379580901349154,1.0,0.0,1.0,0.0,0.06935901391629631,0.0,0.0,0.0,0.0,0.0,0.0,0.0,0.0,0.0,0.0,0.0,1.0,0.0,0.0,0.0,0.0,0.0,0.0,0.0,-1.0,1.0,0.0
117,710.0,0.84,-0.35560696865778596,0.4447421299397187,1.0,0.0,1.0,0.0,0.6363553498969287,0.0,0.0,0.0,0.0,0.0,0.0,0.0,0.0,0.0,0.0,0.0,0.0,1.0,0.0,0.0,0.0,0.0,0.0,0.0,-1.0,1.0,0.0
118,720.0,-0.4,0.44594784732012904,-0.25035881733805376,1.0,0.0,1.0,0.0,0.24337237712956566,0.0,0.0,0.0,0.0,0.0,0.0,0.0,0.0,0.0,0.0,0.0,1.0,0.0,0.0,0.0,0.0,0.0,0.0,0.0,-1.0,1.0,0.0
119,750.0,-0.56,0.44594784732012904,-0.33436991675437755,0.0,0.0,0.0,0.0,-1.1146799895044643,1.0,0.0,0.0,0.0,-1.0,0.0,1.0,0.0,0.0,1.0,0.0,0.0,0.0,0.0,0.0,0.0,0.0,0.0,0.0,0.0,0.0,0.0
120,695.0,-0.68,0.44594784732012904,0.0026313271457276814,0.0,0.0,0.0,0.0,-1.1146799895044643,1.0,0.0,0.0,0.0,-1.0,0.0,1.0,0.0,0.0,1.0,0.0,0.0,0.0,0.0,0.0,0.0,0.0,0.0,0.0,0.0,0.0,0.0
121,630.0,-0.12,-1.5899969465633894,0.9621567314132619,-0.6778598699203771,-13.120517397052595,-0.37475834850433876,-11.53836688326544,-1.1146799895044643,-0.9527133354241732,0.0,0.0,0.0,0.0,0.0,0.0,0.0,0.0,0.0,1.0,0.0,0.0,0.0,-1.0,1.0,0.0,0.0,0.0,-1.0,0.0,1.0
122,750.0,1.32,-0.06543566773301081,0.6736197493062864,0.0,0.0,0.0,0.0,-1.1146799895044643,1.0,0.0,0.0,0.0,0.0,0.0,0.0,0.0,0.0,0.0,0.0,0.0,1.0,0.0,0.0,0.0,0.0,0.0,0.0,0.0,0.0,0.0
123,730.0,-0.28,0.44594784732012904,-0.1724236915127739,0.0,0.0,0.0,0.0,0.0,1.0,0.0,0.0,0.0,0.0,0.0,0.0,0.0,0.0,0.0,1.0,0.0,0.0,0.0,0.0,0.0,0.0,0.0,0.0,0.0,0.0,0.0
124,600.0,1.32,-1.4582452091914828,0.615299971294613,0.0,0.0,0.0,0.0,-1.1146799895044643,1.0,0.0,0.0,0.0,0.0,0.0,0.0,0.0,0.0,0.0,0.0,0.0,1.0,0.0,0.0,0.0,0.0,0.0,0.0,0.0,0.0,0.0
125,650.0,-0.48,0.44594784732012904,-0.3188690077504545,0.0,0.0,0.0,0.0,-0.7566276228704343,1.0,0.0,0.0,0.0,-1.0,0.0,1.0,0.0,0.0,1.0,0.0,0.0,0.0,0.0,0.0,0.0,0.0,-1.0,1.0,0.0,0.0,0.0
126,750.0,-0.76,0.44594784732012904,-0.5669792364367047,1.0,0.0,0.0,0.0,-0.7566276228704343,1.0,0.0,0.0,0.0,0.0,0.0,0.0,1.0,-1.0,0.0,1.0,0.0,0.0,0.0,0.0,0.0,0.0,-1.0,1.0,0.0,0.0,0.0
127,730.0,-0.28,-0.32550563969942614,0.195627212706918,0.0,0.0,0.0,0.0,-1.1146799895044643,1.0,0.0,0.0,0.0,0.0,0.0,0.0,0.0,0.0,0.0,1.0,0.0,0.0,0.0,0.0,0.0,0.0,0.0,0.0,0.0,0.0,0.0
128,735.0,-1.08,0.44594784732012904,-0.05420533920199024,0.0,0.0,0.0,0.0,0.0,1.0,0.0,0.0,0.0,-1.0,0.0,1.0,0.0,0.0,1.0,0.0,0.0,0.0,0.0,0.0,0.0,0.0,-1.0,1.0,-1.0,1.0,0.0
129,610.0,0.6,-1.1666168186600694,0.3455650177016553,1.0,0.0,1.0,0.0,-0.7566276228704343,1.0,0.0,0.0,0.0,0.0,0.0,0.0,1.0,-1.0,0.0,1.0,0.0,0.0,0.0,0.0,0.0,0.0,0.0,0.0,-1.0,1.0,0.0
130,580.0,-0.12,-2.2252308127427183,1.2789206774471342,0.0,0.0,0.0,0.0,-1.1146799895044643,-0.9527133354241732,1.0,0.0,0.0,-1.0,0.0,0.0,1.0,-1.0,0.0,0.0,0.0,1.0,0.0,-1.0,1.0,0.0,0.0,0.0,0.0,0.0,0.0
131,725.0,-0.28,-0.8548004143650447,0.5485599464166109,0.0,0.0,1.0,0.0,-0.2554138231396218,0.0,0.0,0.0,0.0,0.0,0.0,0.0,0.0,0.0,0.0,1.0,0.0,0.0,0.0,0.0,0.0,0.0,-1.0,1.0,0.0,0.0,0.0
132,750.0,-0.36,0.44594784732012904,-0.34618696775428187,1.0,0.0,1.0,0.0,0.24337237712956566,0.0,0.0,0.0,0.0,0.0,0.0,0.0,0.0,0.0,0.0,1.0,0.0,0.0,0.0,0.0,0.0,0.0,0.0,0.0,0.0,0.0,0.0
133,750.0,0.52,-0.13766047971825757,0.8295378432685867,1.0,0.0,1.0,0.0,0.0,0.0,0.0,0.0,0.0,0.0,0.0,0.0,0.0,0.0,0.0,0.0,0.0,1.0,0.0,0.0,0.0,0.0,0.0,0.0,0.0,0.0,0.0
134,750.0,-0.32,0.44594784732012904,-0.18447995407138074,1.0,0.0,1.0,0.0,0.18515263338651083,1.0,0.0,0.0,0.0,0.0,0.0,0.0,0.0,0.0,0.0,1.0,0.0,0.0,0.0,0.0,0.0,0.0,-1.0,1.0,0.0,0.0,0.0
135,730.0,0.12,-0.35560696865778596,0.412735623385322,1.0,0.0,1.0,0.0,0.06935901391629631,0.0,0.0,0.0,0.0,0.0,0.0,0.0,0.0,0.0,0.0,0.0,0.0,1.0,0.0,0.0,0.0,0.0,0.0,0.0,-1.0,1.0,0.0
136,560.0,-1.24,0.44594784732012904,-0.5595636781169266,1.0,0.0,1.0,0.0,-0.7566276228704343,0.0,0.0,0.0,0.0,0.0,0.0,0.0,1.0,-1.0,0.0,1.0,0.0,0.0,0.0,0.0,0.0,0.0,0.0,0.0,-1.0,1.0,0.0
137,700.0,-1.36,0.44594784732012904,-0.5286575447325614,-0.6778598699203771,-13.120517397052595,-0.37475834850433876,-11.53836688326544,-1.1146799895044643,-0.9527133354241732,0.0,0.0,0.0,-1.0,0.0,1.0,0.0,0.0,1.0,0.0,0.0,0.0,0.0,0.0,0.0,0.0,-1.0,1.0,-1.0,0.0,1.0
138,750.0,0.92,0.0,0.12773897234714382,0.0,0.0,0.0,0.0,0.0,1.0,0.0,0.0,0.0,0.0,0.0,0.0,0.0,0.0,0.0,0.0,0.0,1.0,0.0,0.0,0.0,0.0,-1.0,1.0,0.0,0.0,0.0
139,730.0,0.52,-1.1666168186600694,0.3090613338436513,1.0,0.0,1.0,0.0,0.06935901391629631,0.0,0.0,0.0,0.0,0.0,0.0,0.0,0.0,0.0,0.0,0.0,0.0,1.0,0.0,0.0,0.0,0.0,0.0,0.0,-1.0,1.0,0.0
140,730.0,-0.2,0.44594784732012904,-0.16716103722131853,1.0,0.0,1.0,0.0,0.6363553498969287,0.0,0.0,0.0,0.0,0.0,0.0,0.0,0.0,0.0,0.0,0.0,1.0,0.0,0.0,0.0,0.0,0.0,0.0,0.0,-1.0,1.0,0.0
141,740.0,0.28,0.44594784732012904,-0.18926418524543107,1.0,0.0,1.0,0.0,0.06935901391629631,0.0,0.0,0.0,0.0,0.0,0.0,0.0,0.0,0.0,0.0,0.0,1.0,0.0,0.0,0.0,0.0,0.0,0.0,0.0,-1.0,1.0,0.0
142,720.0,0.32,0.44594784732012904,-0.23012151947182088,1.0,0.0,1.0,0.0,0.0,0.0,0.0,0.0,0.0,0.0,0.0,0.0,0.0,0.0,0.0,0.0,1.0,0.0,0.0,0.0,0.0,0.0,0.0,0.0,-1.0,1.0,0.0
143,720.0,0.24,-0.7628881162943967,0.3545115299971295,1.0,0.0,1.0,0.0,0.0,0.0,0.0,0.0,0.0,0.0,0.0,0.0,0.0,0.0,0.0,0.0,1.0,0.0,0.0,0.0,0.0,0.0,0.0,0.0,-1.0,1.0,0.0
144,740.0,-0.12,0.44594784732012904,-0.2719835422447613,1.0,0.0,1.0,0.0,0.24337237712956566,1.0,0.0,0.0,0.0,0.0,0.0,0.0,0.0,0.0,0.0,0.0,1.0,0.0,0.0,0.0,0.0,0.0,0.0,0.0,-1.0,1.0,0.0
145,720.0,-0.2,-0.4735453216699328,0.017893024590948235,1.0,0.0,1.0,0.0,0.06935901391629631,0.0,0.0,0.0,0.0,0.0,0.0,0.0,0.0,0.0,0.0,0.0,1.0,0.0,0.0,0.0,0.0,0.0,0.0,0.0,-1.0,1.0,0.0
146,730.0,-0.48,0.44594784732012904,-0.3796765859726342,1.0,0.0,1.0,0.0,0.06935901391629631,0.0,0.0,0.0,0.0,0.0,0.0,0.0,0.0,0.0,0.0,0.0,1.0,0.0,0.0,0.0,0.0,0.0,0.0,0.0,-1.0,1.0,0.0
147,600.0,0.92,0.44594784732012904,-0.24390010525308584,-0.6778598699203771,-13.120517397052595,-0.37475834850433876,-11.53836688326544,-1.1146799895044643,-0.9527133354241732,0.0,0.0,1.0,-1.0,0.0,0.0,1.0,-1.0,0.0,1.0,0.0,0.0,0.0,0.0,0.0,0.0,0.0,0.0,-1.0,0.0,1.0
148,600.0,0.92,0.44594784732012904,-0.2478231748158071,-0.6778598699203771,-13.120517397052595,-0.37475834850433876,-11.53836688326544,-1.1146799895044643,-0.9527133354241732,0.0,0.0,1.0,-1.0,0.0,0.0,1.0,-1.0,0.0,1.0,0.0,0.0,0.0,0.0,0.0,0.0,0.0,0.0,-1.0,0.0,1.0
149,725.0,0.56,-0.306783286704407,0.5184671323318343,0.0,0.0,0.0,0.0,0.24337237712956566,0.0,0.0,0.0,1.0,-1.0,0.0,0.0,0.0,0.0,0.0,0.0,1.0,0.0,0.0,0.0,0.0,0.0,0.0,0.0,0.0,0.0,0.0
150,675.0,0.76,-1.2119890839872218,1.4909578030810449,1.0,0.0,1.0,0.0,0.0,0.0,0.0,0.0,0.0,0.0,0.0,0.0,0.0,0.0,0.0,0.0,0.0,1.0,0.0,0.0,0.0,0.0,0.0,0.0,-1.0,1.0,0.0
151,750.0,-0.12,0.03822069223011262,0.1680700411443881,0.0,0.0,0.0,0.0,0.06935901391629631,1.0,0.0,0.0,0.0,0.0,0.0,0.0,0.0,0.0,0.0,1.0,0.0,0.0,0.0,0.0,0.0,0.0,-1.0,1.0,0.0,0.0,0.0
152,750.0,0.88,-0.5090691482762065,1.070519567505502,0.0,0.0,0.0,0.0,0.24337237712956566,0.0,0.0,0.0,1.0,-1.0,0.0,0.0,0.0,0.0,0.0,0.0,1.0,0.0,0.0,-1.0,1.0,0.0,0.0,0.0,0.0,0.0,0.0
153,700.0,-0.12,0.44594784732012904,-0.4290020093770931,0.0,0.0,0.0,0.0,0.0,1.0,0.0,0.0,0.0,0.0,0.0,0.0,0.0,0.0,0.0,1.0,0.0,0.0,0.0,0.0,0.0,0.0,0.0,0.0,0.0,0.0,0.0
154,750.0,-0.12,0.44594784732012904,-0.1913214046502727,1.0,0.0,1.0,0.0,0.06935901391629631,0.0,0.0,0.0,0.0,0.0,0.0,0.0,0.0,0.0,0.0,0.0,1.0,0.0,0.0,0.0,0.0,0.0,0.0,0.0,-1.0,1.0,0.0
155,730.0,-0.36,0.44594784732012904,-0.25471246770643957,1.0,0.0,1.0,0.0,0.06935901391629631,0.0,0.0,0.0,0.0,0.0,0.0,0.0,0.0,0.0,0.0,0.0,1.0,0.0,0.0,0.0,0.0,0.0,0.0,0.0,-1.0,1.0,0.0
156,650.0,0.16,-0.13766047971825757,0.7790642043823558,1.0,0.0,1.0,0.0,0.6363553498969287,0.0,0.0,0.0,0.0,0.0,0.0,0.0,0.0,0.0,0.0,0.0,1.0,0.0,0.0,0.0,0.0,0.0,0.0,0.0,-1.0,1.0,0.0
157,730.0,0.24,0.44594784732012904,-0.2118457563869486,1.0,0.0,1.0,0.0,0.24337237712956566,0.0,0.0,0.0,0.0,0.0,0.0,0.0,0.0,0.0,0.0,0.0,1.0,0.0,0.0,0.0,0.0,0.0,0.0,0.0,-1.0,1.0,0.0
158,720.0,-0.28,0.44594784732012904,-0.2526074059898574,1.0,0.0,1.0,0.0,0.0,0.0,0.0,0.0,0.0,0.0,0.0,0.0,0.0,0.0,0.0,0.0,1.0,0.0,0.0,0.0,0.0,0.0,0.0,0.0,-1.0,1.0,0.0
159,720.0,-0.24,0.44594784732012904,-0.25586068318821165,1.0,0.0,1.0,0.0,0.24337237712956566,0.0,0.0,0.0,0.0,0.0,0.0,0.0,0.0,0.0,0.0,0.0,1.0,0.0,0.0,0.0,0.0,0.0,0.0,0.0,-1.0,1.0,0.0
160,750.0,-0.4,0.44594784732012904,-0.3723567122763372,1.0,0.0,1.0,0.0,0.24337237712956566,0.0,0.0,0.0,0.0,0.0,0.0,0.0,0.0,0.0,0.0,0.0,1.0,0.0,0.0,0.0,0.0,0.0,0.0,0.0,-1.0,1.0,0.0
161,730.0,-0.28,0.44594784732012904,-0.23490575064587121,1.0,0.0,1.0,0.0,0.06935901391629631,0.0,0.0,0.0,0.0,0.0,0.0,0.0,0.0,0.0,0.0,0.0,1.0,0.0,0.0,0.0,0.0,0.0,0.0,0.0,-1.0,1.0,0.0
162,730.0,-0.68,0.44594784732012904,-0.3884795713328868,1.0,0.0,1.0,0.0,0.0,0.0,0.0,0.0,0.0,0.0,0.0,0.0,0.0,0.0,0.0,0.0,1.0,0.0,0.0,0.0,0.0,0.0,0.0,0.0,-1.0,1.0,0.0
163,670.0,0.4,-1.4582452091914828,0.6113769017318916,1.0,0.0,1.0,0.0,0.24337237712956566,1.0,0.0,0.0,0.0,0.0,0.0,0.0,0.0,0.0,0.0,0.0,1.0,0.0,0.0,0.0,0.0,0.0,0.0,0.0,-1.0,1.0,0.0
164,740.0,-0.2,0.44594784732012904,-0.3568558032724141,1.0,0.0,1.0,0.0,0.06935901391629631,0.0,0.0,0.0,0.0,0.0,0.0,0.0,0.0,0.0,0.0,0.0,1.0,0.0,0.0,0.0,0.0,0.0,0.0,0.0,-1.0,1.0,0.0
165,720.0,0.48,-0.13766047971825757,0.8019806717060568,1.0,0.0,1.0,0.0,0.24337237712956566,1.0,0.0,0.0,0.0,0.0,0.0,0.0,0.0,0.0,0.0,0.0,1.0,0.0,0.0,0.0,0.0,0.0,0.0,0.0,-1.0,1.0,0.0
166,750.0,0.08,0.44594784732012904,-0.18758970433451344,1.0,0.0,1.0,0.0,0.6363553498969287,0.0,0.0,0.0,0.0,0.0,0.0,0.0,0.0,0.0,0.0,0.0,1.0,0.0,0.0,0.0,0.0,0.0,0.0,0.0,-1.0,1.0,0.0
167,740.0,-0.48,0.44594784732012904,-0.22012247631805568,1.0,0.0,1.0,0.0,0.06935901391629631,0.0,0.0,0.0,0.0,0.0,0.0,0.0,0.0,0.0,0.0,0.0,1.0,0.0,0.0,0.0,0.0,0.0,0.0,0.0,-1.0,1.0,0.0
168,740.0,0.12,0.44594784732012904,-0.2703569036455842,1.0,0.0,1.0,0.0,0.24337237712956566,1.0,0.0,0.0,0.0,0.0,0.0,0.0,0.0,0.0,0.0,0.0,1.0,0.0,0.0,0.0,0.0,0.0,0.0,0.0,-1.0,1.0,0.0
169,730.0,-0.48,0.44594784732012904,-0.5486077887283514,0.0,0.0,0.0,0.0,-1.1146799895044643,1.0,0.0,0.0,0.0,-1.0,0.0,1.0,1.0,-1.0,1.0,0.0,0.0,0.0,0.0,0.0,0.0,0.0,0.0,0.0,0.0,0.0,0.0
170,620.0,0.72,-0.35560696865778596,0.4173284853124103,0.0,0.0,0.0,0.0,-1.1146799895044643,1.0,0.0,0.0,0.0,0.0,0.0,0.0,0.0,0.0,0.0,0.0,0.0,1.0,0.0,0.0,0.0,0.0,0.0,0.0,0.0,0.0,0.0
171,695.0,0.4,-0.554052152679871,0.18132236149650752,0.0,0.0,0.0,0.0,-1.1146799895044643,0.0,0.0,0.0,0.0,0.0,0.0,0.0,0.0,0.0,0.0,0.0,1.0,0.0,0.0,0.0,0.0,0.0,0.0,0.0,0.0,0.0,0.0
172,650.0,1.52,-0.7133421465753402,0.8402545210984594,0.0,0.0,0.0,0.0,-1.1146799895044643,1.0,0.0,0.0,0.0,0.0,0.0,0.0,0.0,0.0,0.0,0.0,0.0,1.0,0.0,0.0,0.0,0.0,0.0,0.0,0.0,0.0,0.0
173,675.0,0.44,-0.13766047971825757,0.8678595349727298,0.0,0.0,0.0,0.0,-1.1146799895044643,1.0,0.0,0.0,0.0,0.0,0.0,0.0,0.0,0.0,0.0,0.0,1.0,0.0,0.0,0.0,0.0,0.0,0.0,0.0,0.0,0.0,0.0
174,695.0,0.32,0.44594784732012904,-0.18357095014831118,0.0,0.0,0.0,0.0,-1.1146799895044643,0.0,0.0,0.0,0.0,0.0,0.0,0.0,0.0,0.0,0.0,0.0,1.0,0.0,0.0,0.0,0.0,0.0,0.0,0.0,0.0,0.0,0.0
175,750.0,2.16,-0.35560696865778596,0.39527317960003827,0.0,0.0,0.0,0.0,0.0602875372371654,1.0,0.0,0.0,0.0,0.0,0.0,0.0,0.0,0.0,0.0,0.0,1.0,0.0,0.0,-1.0,1.0,0.0,0.0,0.0,0.0,0.0,0.0
176,675.0,-0.88,0.44594784732012904,-0.5408573342263898,-0.6778598699203771,-13.120517397052595,-0.37475834850433876,-11.53836688326544,-1.1146799895044643,-0.9527133354241732,0.0,0.0,0.0,0.0,0.0,0.0,1.0,-1.0,0.0,1.0,0.0,0.0,0.0,0.0,0.0,0.0,-1.0,1.0,-1.0,0.0,1.0
177,730.0,0.12,-0.35560696865778596,0.40354989953114534,0.0,0.0,1.0,0.0,0.06935901391629631,0.0,0.0,0.0,0.0,0.0,0.0,0.0,1.0,-1.0,0.0,0.0,0.0,1.0,0.0,0.0,0.0,0.0,0.0,0.0,-1.0,1.0,0.0
178,690.0,1.12,-0.35560696865778596,0.4058463304946895,0.0,0.0,0.0,0.0,-1.1146799895044643,1.0,0.0,0.0,0.0,0.0,0.0,0.0,0.0,0.0,0.0,0.0,1.0,0.0,0.0,0.0,0.0,0.0,0.0,0.0,0.0,0.0,0.0
179,750.0,-0.48,0.44594784732012904,-0.34599559850731987,0.0,0.0,1.0,0.0,-0.7566276228704343,0.0,0.0,0.0,0.0,0.0,0.0,0.0,1.0,-1.0,0.0,1.0,0.0,0.0,0.0,0.0,0.0,0.0,-1.0,1.0,0.0,0.0,0.0
180,600.0,-1.0,0.44594784732012904,-0.2868625011960578,0.0,0.0,0.0,0.0,0.24337237712956566,1.0,0.0,0.0,0.0,-1.0,0.0,1.0,0.0,0.0,1.0,0.0,0.0,0.0,0.0,0.0,0.0,0.0,-1.0,1.0,0.0,0.0,0.0
181,723.0,-1.28,-0.32550563969942614,0.2130896564922017,1.0,-7.827968160507453,1.0,0.0,-1.1146799895044643,1.0,0.0,0.0,0.0,-1.0,0.0,1.0,0.0,0.0,1.0,0.0,0.0,0.0,0.0,0.0,0.0,0.0,-1.0,1.0,0.0,0.0,0.0
182,725.0,-0.28,0.44594784732012904,-0.086977322744235,0.0,0.0,1.0,0.0,0.24337237712956566,1.0,0.0,0.0,0.0,0.0,0.0,0.0,0.0,0.0,0.0,1.0,0.0,0.0,0.0,0.0,0.0,0.0,-1.0,1.0,0.0,0.0,0.0
183,750.0,0.4,-0.4735453216699328,-0.031767294995694195,-0.6778598699203771,-13.120517397052595,-0.37475834850433876,-11.53836688326544,-1.1146799895044643,-0.9527133354241732,0.0,0.0,0.0,0.0,0.0,0.0,0.0,0.0,0.0,0.0,0.0,1.0,0.0,0.0,0.0,0.0,0.0,0.0,-1.0,0.0,1.0
184,600.0,-0.48,-1.9711372662709867,1.3722131853411157,-0.6778598699203771,-13.120517397052595,-0.37475834850433876,-11.53836688326544,-1.1146799895044643,-0.9527133354241732,0.0,0.0,0.0,0.0,0.0,0.0,0.0,0.0,0.0,0.0,1.0,0.0,0.0,0.0,0.0,0.0,0.0,0.0,-1.0,0.0,1.0
185,750.0,0.52,0.0,0.11104200554970817,0.0,0.0,0.0,0.0,0.0,0.0,0.0,0.0,0.0,0.0,0.0,0.0,0.0,0.0,0.0,0.0,0.0,1.0,0.0,0.0,0.0,0.0,0.0,0.0,0.0,0.0,0.0
186,450.0,0.12,-3.46282595424921,1.9575638694861737,0.0,0.0,0.0,0.0,-1.1146799895044643,0.0,0.0,0.0,0.0,-1.0,1.0,0.0,0.0,0.0,0.0,1.0,0.0,0.0,0.0,0.0,0.0,0.0,0.0,0.0,0.0,0.0,0.0
187,720.0,-0.12,0.44594784732012904,-0.4317768634580423,1.0,0.0,1.0,0.0,-0.7566276228704343,0.0,0.0,0.0,0.0,0.0,0.0,0.0,0.0,0.0,0.0,1.0,0.0,0.0,0.0,0.0,0.0,0.0,0.0,0.0,-1.0,1.0,0.0
188,550.0,0.72,-3.46282595424921,1.957994450291838,0.0,0.0,0.0,0.0,-1.1146799895044643,0.0,0.0,0.0,0.0,-1.0,1.0,0.0,0.0,0.0,0.0,0.0,1.0,0.0,0.0,-1.0,1.0,0.0,0.0,0.0,0.0,0.0,0.0
189,720.0,-0.32,0.44594784732012904,-0.18706343890536792,1.0,0.0,1.0,0.0,0.06935901391629631,0.0,0.0,0.0,0.0,0.0,0.0,0.0,1.0,-1.0,0.0,0.0,0.0,1.0,0.0,0.0,0.0,0.0,0.0,0.0,-1.0,1.0,0.0
190,740.0,0.32,0.44594784732012904,-0.1855324849296718,0.0,0.0,0.0,0.0,0.24337237712956566,1.0,0.0,0.0,0.0,0.0,0.0,0.0,0.0,0.0,0.0,0.0,0.0,1.0,0.0,0.0,0.0,0.0,0.0,0.0,0.0,0.0,0.0
191,660.0,3.92,-1.8867506702131016,1.3777628935030142,-0.6778598699203771,-13.120517397052595,-0.37475834850433876,-11.53836688326544,-1.1146799895044643,-0.9527133354241732,0.0,0.0,0.0,0.0,0.0,0.0,1.0,-1.0,0.0,0.0,0.0,1.0,0.0,-1.0,1.0,0.0,0.0,0.0,-1.0,0.0,1.0
192,720.0,-0.04,0.44594784732012904,-0.26935221509903357,1.0,0.0,1.0,0.0,0.6363553498969287,0.0,0.0,0.0,0.0,0.0,0.0,0.0,1.0,-1.0,0.0,0.0,1.0,0.0,0.0,0.0,0.0,0.0,0.0,0.0,-1.0,1.0,0.0
193,650.0,-1.04,0.44594784732012904,-0.5317194526839537,0.0,0.0,0.0,0.0,0.06935901391629631,0.0,0.0,0.0,0.0,0.0,0.0,0.0,1.0,-1.0,0.0,1.0,0.0,0.0,0.0,0.0,0.0,0.0,0.0,0.0,0.0,0.0,0.0
194,650.0,1.56,-1.8867506702131016,1.5133480049756005,1.0,0.0,1.0,0.0,0.06935901391629631,0.0,0.0,0.0,0.0,0.0,0.0,0.0,0.0,0.0,0.0,0.0,1.0,0.0,0.0,0.0,0.0,0.0,0.0,0.0,-1.0,1.0,0.0
195,660.0,4.44,-1.8867506702131016,1.3826428093005454,1.0,0.0,1.0,0.0,0.06935901391629631,1.0,0.0,0.0,0.0,0.0,0.0,0.0,1.0,-1.0,0.0,0.0,0.0,0.0,1.0,-1.0,1.0,0.0,0.0,0.0,-1.0,1.0,0.0
196,690.0,0.28,-0.13766047971825757,0.876136254903837,0.0,0.0,0.0,0.0,-0.7566276228704343,0.0,0.0,0.0,0.0,0.0,0.0,0.0,0.0,0.0,0.0,0.0,1.0,0.0,0.0,0.0,0.0,0.0,0.0,0.0,0.0,0.0,0.0
197,750.0,-1.28,0.44594784732012904,-0.43747009855516217,0.0,0.0,1.0,0.0,0.09604477213644151,1.0,0.0,0.0,0.0,-1.0,0.0,1.0,0.0,0.0,1.0,0.0,0.0,0.0,0.0,0.0,0.0,0.0,0.0,0.0,0.0,0.0,0.0
198,725.0,-0.48,0.44594784732012904,-0.08673811118553248,0.0,0.0,1.0,0.0,0.0,1.0,0.0,0.0,0.0,0.0,0.0,0.0,0.0,0.0,0.0,1.0,0.0,0.0,0.0,0.0,0.0,0.0,-1.0,1.0,0.0,0.0,0.0
199,620.0,1.12,-1.1666168186600694,0.35623385321978757,1.0,0.0,1.0,0.0,-0.7566276228704343,1.0,0.0,0.0,0.0,0.0,0.0,0.0,1.0,-1.0,0.0,1.0,0.0,0.0,0.0,0.0,0.0,0.0,0.0,0.0,-1.0,1.0,0.0
200,590.0,-0.2,-2.0981840395068527,1.5407616496029088,0.0,0.0,0.0,0.0,-0.7566276228704343,0.0,0.0,0.0,0.0,0.0,0.0,0.0,0.0,0.0,0.0,1.0,0.0,0.0,0.0,0.0,0.0,0.0,0.0,0.0,0.0,0.0,0.0
201,750.0,0.92,0.0,0.40651612285905653,0.0,0.0,0.0,0.0,0.24337237712956566,1.0,0.0,0.0,0.0,-1.0,1.0,0.0,0.0,0.0,1.0,0.0,0.0,0.0,0.0,0.0,0.0,0.0,0.0,0.0,0.0,0.0,0.0
202,720.0,-0.84,0.44594784732012904,-0.30360731030523397,0.0,0.0,0.0,0.0,0.0,1.0,0.0,0.0,0.0,-1.0,0.0,1.0,0.0,0.0,1.0,0.0,0.0,0.0,0.0,0.0,0.0,0.0,0.0,0.0,-1.0,1.0,0.0
203,700.0,1.0,-1.0388477862747663,1.4420629604822506,0.0,0.0,0.0,0.0,0.06935901391629631,0.0,0.0,0.0,0.0,0.0,0.0,0.0,0.0,0.0,0.0,0.0,1.0,0.0,0.0,0.0,0.0,0.0,0.0,0.0,0.0,0.0,0.0
204,692.0,1.04,-0.7628881162943967,0.38144675150703283,0.0,-7.827968160507453,1.0,0.0,-1.1146799895044643,1.0,0.0,0.0,0.0,0.0,0.0,0.0,0.0,0.0,0.0,0.0,1.0,0.0,0.0,-1.0,1.0,0.0,-1.0,1.0,0.0,0.0,0.0
205,670.0,0.88,-0.7628881162943967,0.38144675150703283,0.0,-7.827968160507453,1.0,0.0,-1.1146799895044643,1.0,0.0,0.0,0.0,0.0,0.0,0.0,0.0,0.0,0.0,0.0,1.0,0.0,0.0,-1.0,1.0,0.0,-1.0,1.0,0.0,0.0,0.0
206,609.0,-0.04,-0.13766047971825757,0.8547028992440915,0.0,-7.827968160507453,1.0,0.0,-0.7566276228704343,1.0,0.0,0.0,0.0,0.0,0.0,0.0,0.0,0.0,0.0,1.0,0.0,0.0,0.0,0.0,0.0,0.0,-1.0,1.0,0.0,0.0,0.0
207,718.0,1.16,-0.7628881162943967,0.38144675150703283,0.0,-7.827968160507453,1.0,0.0,-1.1146799895044643,1.0,0.0,0.0,0.0,0.0,0.0,0.0,0.0,0.0,0.0,0.0,1.0,0.0,0.0,-1.0,1.0,0.0,-1.0,1.0,0.0,0.0,0.0
208,694.0,0.96,-0.7628881162943967,0.38144675150703283,0.0,-7.827968160507453,1.0,0.0,-1.1146799895044643,1.0,0.0,0.0,0.0,0.0,0.0,0.0,0.0,0.0,0.0,0.0,1.0,0.0,0.0,-1.0,1.0,0.0,-1.0,1.0,0.0,0.0,0.0
209,658.0,0.84,-0.7628881162943967,0.38144675150703283,0.0,-7.827968160507453,1.0,0.0,-1.1146799895044643,1.0,0.0,0.0,0.0,0.0,0.0,0.0,0.0,0.0,0.0,0.0,1.0,0.0,0.0,-1.0,1.0,0.0,-1.0,1.0,0.0,0.0,0.0
210,750.0,-0.84,0.44594784732012904,-0.41627595445411925,0.0,0.0,0.0,0.0,0.0,1.0,0.0,0.0,0.0,0.0,0.0,0.0,1.0,-1.0,0.0,0.0,1.0,0.0,0.0,0.0,0.0,0.0,-1.0,1.0,0.0,0.0,0.0
211,723.0,1.24,-0.7628881162943967,0.38144675150703283,0.0,-7.827968160507453,1.0,0.0,-1.1146799895044643,1.0,0.0,0.0,0.0,0.0,0.0,0.0,0.0,0.0,0.0,0.0,1.0,0.0,0.0,-1.0,1.0,0.0,-1.0,1.0,0.0,0.0,0.0
212,728.0,1.36,-0.7628881162943967,0.38144675150703283,0.0,-7.827968160507453,1.0,0.0,-1.1146799895044643,1.0,0.0,0.0,0.0,0.0,0.0,0.0,0.0,0.0,0.0,0.0,1.0,0.0,0.0,-1.0,1.0,0.0,-1.0,1.0,0.0,0.0,0.0
213,650.0,-1.16,0.44594784732012904,-0.35408094919146493,0.0,0.0,0.0,0.0,-0.7566276228704343,0.0,0.0,0.0,0.0,-1.0,0.0,1.0,0.0,0.0,1.0,0.0,0.0,0.0,0.0,0.0,0.0,0.0,0.0,0.0,-1.0,1.0,0.0
214,750.0,0.12,-0.13766047971825757,0.8296813702038083,1.0,0.0,0.0,0.0,0.24337237712956566,0.0,0.0,0.0,0.0,0.0,0.0,0.0,1.0,-1.0,0.0,0.0,1.0,0.0,0.0,0.0,0.0,0.0,0.0,0.0,0.0,0.0,0.0
215,735.0,0.12,-0.35560696865778596,0.40976940005741075,1.0,0.0,1.0,0.0,0.6363553498969287,0.0,0.0,0.0,0.0,0.0,0.0,0.0,0.0,0.0,0.0,0.0,0.0,1.0,0.0,0.0,0.0,0.0,0.0,0.0,-1.0,1.0,0.0
216,699.0,0.84,-0.1871664143214927,0.7350014352693522,0.0,0.0,0.0,0.0,0.0,0.0,0.0,0.0,0.0,-1.0,1.0,0.0,0.0,0.0,0.0,0.0,1.0,0.0,0.0,0.0,0.0,0.0,-1.0,1.0,0.0,0.0,0.0
217,725.0,0.4,-0.35706008740721823,0.23299205817625107,1.0,0.0,1.0,0.0,0.6363553498969287,0.0,0.0,0.0,0.0,0.0,0.0,0.0,0.0,0.0,0.0,0.0,0.0,1.0,0.0,0.0,0.0,0.0,0.0,0.0,-1.0,1.0,0.0
218,740.0,0.8,-0.13766047971825757,0.768538895799445,1.0,0.0,1.0,0.0,-0.7566276228704343,1.0,0.0,0.0,0.0,0.0,0.0,0.0,0.0,0.0,0.0,0.0,0.0,1.0,0.0,-1.0,1.0,0.0,0.0,0.0,-1.0,1.0,0.0
219,720.0,0.64,-0.5090691482762065,1.073581475456894,0.0,0.0,1.0,0.0,0.0,1.0,0.0,0.0,0.0,0.0,0.0,0.0,0.0,0.0,0.0,1.0,0.0,0.0,0.0,0.0,0.0,0.0,-1.0,1.0,0.0,0.0,0.0
220,750.0,0.88,-0.4735453216699328,-0.028370490862118458,0.0,0.0,0.0,0.0,-0.2554138231396218,1.0,0.0,0.0,0.0,0.0,0.0,0.0,0.0,0.0,0.0,0.0,0.0,1.0,0.0,0.0,0.0,0.0,-1.0,1.0,0.0,0.0,0.0
221,710.0,0.36,-0.35560696865778596,0.3955123911587408,1.0,0.0,1.0,0.0,0.6363553498969287,0.0,0.0,0.0,0.0,0.0,0.0,0.0,0.0,0.0,0.0,0.0,0.0,1.0,0.0,0.0,0.0,0.0,0.0,0.0,-1.0,1.0,0.0
222,725.0,0.2,0.44594784732012904,-0.2187828915893216,1.0,0.0,0.0,0.0,0.06935901391629631,0.0,0.0,0.0,0.0,0.0,0.0,0.0,0.0,0.0,0.0,0.0,1.0,0.0,0.0,0.0,0.0,0.0,0.0,0.0,-1.0,1.0,0.0
223,750.0,-0.44,0.44594784732012904,-0.31772079226868244,0.0,0.0,0.0,0.0,-0.7566276228704343,0.0,0.0,0.0,0.0,0.0,0.0,0.0,1.0,-1.0,0.0,1.0,0.0,0.0,0.0,0.0,0.0,0.0,-1.0,1.0,0.0,0.0,0.0
224,750.0,0.16,0.44594784732012904,-0.43823557554301024,0.0,0.0,0.0,0.0,0.24337237712956566,1.0,0.0,0.0,0.0,0.0,0.0,0.0,0.0,0.0,0.0,0.0,1.0,0.0,0.0,0.0,0.0,0.0,-1.0,1.0,0.0,0.0,0.0
225,730.0,4.16,-1.8867506702131016,1.5232035211941441,1.0,0.0,1.0,0.0,0.06935901391629631,0.0,0.0,0.0,0.0,0.0,0.0,0.0,0.0,0.0,0.0,0.0,0.0,0.0,1.0,0.0,0.0,0.0,0.0,0.0,-1.0,1.0,0.0
226,720.0,2.12,-0.35560696865778596,0.435173667591618,1.0,0.0,1.0,0.0,-1.1146799895044643,1.0,0.0,0.0,0.0,0.0,0.0,0.0,1.0,-1.0,0.0,0.0,1.0,0.0,0.0,0.0,0.0,0.0,0.0,0.0,-1.0,1.0,0.0
227,720.0,-0.36,0.44594784732012904,-0.41957707396421395,1.0,0.0,1.0,0.0,-0.7566276228704343,0.0,0.0,0.0,0.0,0.0,0.0,0.0,1.0,-1.0,0.0,0.0,1.0,0.0,0.0,0.0,0.0,0.0,0.0,0.0,-1.0,1.0,0.0
228,700.0,0.0,0.44594784732012904,-0.1871112812171084,1.0,0.0,1.0,0.0,0.6363553498969287,0.0,0.0,0.0,0.0,0.0,0.0,0.0,1.0,-1.0,0.0,0.0,1.0,0.0,0.0,0.0,0.0,0.0,0.0,0.0,-1.0,1.0,0.0
229,750.0,0.72,-0.306783286704407,0.5671706056836666,0.0,0.0,0.0,0.0,0.24337237712956566,0.0,0.0,0.0,1.0,-1.0,0.0,0.0,0.0,0.0,0.0,0.0,1.0,0.0,0.0,-1.0,1.0,0.0,0.0,0.0,0.0,0.0,0.0
230,610.0,-1.24,0.44594784732012904,-0.333843651325232,1.0,0.0,1.0,0.0,0.06935901391629631,1.0,0.0,0.0,0.0,-1.0,0.0,1.0,1.0,-1.0,1.0,0.0,0.0,0.0,0.0,0.0,0.0,0.0,0.0,0.0,-1.0,1.0,0.0
231,740.0,-0.2,-0.35706008740721823,0.24897139029757917,1.0,0.0,1.0,0.0,0.6363553498969287,0.0,0.0,0.0,0.0,0.0,0.0,0.0,1.0,-1.0,0.0,0.0,1.0,0.0,0.0,0.0,0.0,0.0,0.0,0.0,-1.0,1.0,0.0
232,715.0,0.2,-0.1871664143214927,0.6811309922495455,0.0,0.0,0.0,0.0,-0.7566276228704343,1.0,0.0,0.0,0.0,0.0,0.0,0.0,0.0,0.0,0.0,0.0,1.0,0.0,0.0,0.0,0.0,0.0,0.0,0.0,-1.0,1.0,0.0
233,550.0,0.0,-1.8867506702131016,1.492680126303703,1.0,0.0,1.0,0.0,-0.7566276228704343,0.0,0.0,0.0,0.0,0.0,0.0,0.0,1.0,-1.0,0.0,0.0,1.0,0.0,0.0,0.0,0.0,0.0,0.0,0.0,-1.0,1.0,0.0
234,710.0,-0.84,0.44594784732012904,-0.5265524830159793,1.0,0.0,1.0,0.0,-0.7566276228704343,0.0,0.0,0.0,0.0,0.0,0.0,0.0,0.0,0.0,0.0,1.0,0.0,0.0,0.0,0.0,0.0,0.0,0.0,0.0,-1.0,1.0,0.0
235,730.0,-0.24,0.44594784732012904,-0.20227729403884795,1.0,0.0,1.0,0.0,0.0,0.0,0.0,0.0,0.0,0.0,0.0,0.0,0.0,0.0,0.0,0.0,1.0,0.0,0.0,0.0,0.0,0.0,0.0,0.0,-1.0,1.0,0.0
236,750.0,-1.36,0.44594784732012904,-0.5240646828054731,1.0,0.0,0.0,0.0,0.08208095386938932,1.0,0.0,0.0,0.0,-1.0,0.0,1.0,0.0,0.0,1.0,0.0,0.0,0.0,0.0,0.0,0.0,0.0,0.0,0.0,0.0,0.0,0.0
237,690.0,-0.96,0.44594784732012904,-0.3391541479284279,1.0,0.0,1.0,0.0,0.06935901391629631,1.0,0.0,0.0,0.0,0.0,0.0,0.0,1.0,-1.0,0.0,1.0,0.0,0.0,0.0,0.0,0.0,0.0,0.0,0.0,-1.0,1.0,0.0
238,740.0,0.64,-0.35560696865778596,0.4553152808343699,1.0,0.0,1.0,0.0,0.6363553498969287,1.0,0.0,0.0,0.0,0.0,0.0,0.0,0.0,0.0,0.0,0.0,0.0,1.0,0.0,0.0,0.0,0.0,0.0,0.0,-1.0,1.0,0.0
239,750.0,0.36,0.44594784732012904,-0.3202564347909291,1.0,0.0,1.0,0.0,-0.7566276228704343,1.0,0.0,0.0,1.0,-1.0,0.0,0.0,0.0,0.0,0.0,1.0,0.0,0.0,0.0,0.0,0.0,0.0,0.0,0.0,-1.0,1.0,0.0
240,720.0,-0.52,0.44594784732012904,-0.19830638216438617,1.0,0.0,1.0,0.0,0.0,0.0,0.0,0.0,0.0,0.0,0.0,0.0,1.0,-1.0,0.0,0.0,0.0,1.0,0.0,0.0,0.0,0.0,0.0,0.0,-1.0,1.0,0.0
241,475.0,0.88,-3.559221931719293,1.5671227633719262,0.0,0.0,0.0,0.0,0.0,1.0,0.0,0.0,0.0,0.0,0.0,0.0,0.0,0.0,0.0,0.0,1.0,0.0,0.0,-1.0,1.0,0.0,0.0,0.0,0.0,0.0,0.0
242,740.0,-0.64,0.44594784732012904,-0.36044397665295186,1.0,0.0,1.0,0.0,0.0,0.0,0.0,0.0,0.0,0.0,0.0,0.0,0.0,0.0,0.0,0.0,1.0,0.0,0.0,0.0,0.0,0.0,0.0,0.0,-1.0,1.0,0.0
243,740.0,0.0,0.44594784732012904,-0.41522342359582814,1.0,0.0,1.0,0.0,0.24337237712956566,1.0,0.0,0.0,0.0,0.0,0.0,0.0,0.0,0.0,0.0,1.0,0.0,0.0,0.0,0.0,0.0,0.0,0.0,0.0,-1.0,1.0,0.0
244,740.0,0.2,-0.1871664143214927,0.6970146397473926,0.0,0.0,0.0,0.0,0.24337237712956566,1.0,0.0,0.0,0.0,0.0,0.0,0.0,0.0,0.0,0.0,0.0,1.0,0.0,0.0,0.0,0.0,0.0,0.0,0.0,-1.0,1.0,0.0
245,700.0,0.68,-0.4735453216699328,-0.11343412113673333,1.0,0.0,1.0,0.0,0.6363553498969287,0.0,0.0,0.0,0.0,0.0,0.0,0.0,1.0,-1.0,0.0,0.0,1.0,0.0,0.0,0.0,0.0,0.0,0.0,0.0,-1.0,1.0,0.0
246,730.0,-0.88,0.44594784732012904,-0.5531049660319587,0.0,0.0,0.0,0.0,0.0,1.0,0.0,0.0,0.0,0.0,0.0,0.0,1.0,-1.0,0.0,1.0,0.0,0.0,0.0,0.0,0.0,0.0,0.0,0.0,0.0,0.0,0.0
247,700.0,-1.16,0.44594784732012904,-0.12539469907185916,0.0,0.0,0.0,0.0,0.06935901391629631,1.0,0.0,0.0,0.0,-1.0,0.0,1.0,0.0,0.0,1.0,0.0,0.0,0.0,0.0,0.0,0.0,0.0,0.0,0.0,0.0,0.0,0.0
248,600.0,4.92,-1.9711372662709867,1.1109941632379676,0.0,0.0,0.0,0.0,-1.1146799895044643,-0.9527133354241732,1.0,0.0,0.0,-1.0,0.0,0.0,1.0,-1.0,0.0,0.0,0.0,1.0,0.0,-1.0,1.0,0.0,0.0,0.0,0.0,0.0,0.0
249,750.0,2.08,-1.4582452091914828,0.580518610659267,0.0,0.0,0.0,0.0,0.06935901391629631,1.0,0.0,0.0,0.0,0.0,0.0,0.0,0.0,0.0,0.0,0.0,1.0,0.0,0.0,-1.0,1.0,0.0,0.0,0.0,0.0,0.0,0.0
250,749.0,-0.76,0.44594784732012904,-0.2782030427710267,0.0,0.0,0.0,0.0,0.0,1.0,0.0,0.0,0.0,0.0,0.0,0.0,0.0,0.0,0.0,1.0,0.0,0.0,0.0,0.0,0.0,0.0,-1.0,1.0,-1.0,1.0,0.0
251,700.0,-1.08,0.44594784732012904,-0.4741173093483877,0.0,0.0,0.0,0.0,-0.7566276228704343,1.0,0.0,0.0,0.0,-1.0,0.0,1.0,1.0,-1.0,1.0,0.0,0.0,0.0,0.0,0.0,0.0,0.0,0.0,0.0,0.0,0.0,0.0
252,667.0,0.52,-0.35560696865778596,0.4240742512678213,0.0,0.0,0.0,0.0,0.08208095386938932,1.0,0.0,0.0,0.0,0.0,0.0,0.0,0.0,0.0,0.0,1.0,0.0,0.0,0.0,0.0,0.0,0.0,-1.0,1.0,0.0,0.0,0.0
253,725.0,-0.48,0.44594784732012904,-0.09200076547698785,0.0,0.0,0.0,0.0,0.24337237712956566,1.0,0.0,0.0,0.0,0.0,0.0,0.0,1.0,-1.0,0.0,1.0,0.0,0.0,0.0,0.0,0.0,0.0,0.0,0.0,0.0,0.0,0.0
254,550.0,0.52,-3.46282595424921,1.6875897043345134,0.0,0.0,0.0,0.0,0.06935901391629631,0.0,0.0,0.0,0.0,-1.0,1.0,0.0,0.0,0.0,0.0,0.0,0.0,1.0,0.0,0.0,0.0,0.0,0.0,0.0,0.0,0.0,0.0
255,695.0,-0.08,-0.35560696865778596,0.3561381685963066,1.0,0.0,1.0,0.0,0.6363553498969287,0.0,0.0,0.0,0.0,0.0,0.0,0.0,0.0,0.0,0.0,0.0,0.0,1.0,0.0,0.0,0.0,0.0,0.0,0.0,-1.0,1.0,0.0
256,750.0,1.92,0.0,0.788871878289159,0.0,0.0,0.0,0.0,0.24337237712956566,0.0,0.0,0.0,0.0,0.0,0.0,0.0,0.0,0.0,0.0,0.0,0.0,1.0,0.0,0.0,0.0,0.0,0.0,0.0,0.0,0.0,0.0
257,699.0,-0.2,0.44594784732012904,-0.25016744809109176,0.0,0.0,0.0,0.0,0.06935901391629631,1.0,0.0,0.0,0.0,0.0,0.0,0.0,0.0,0.0,0.0,1.0,0.0,0.0,0.0,0.0,0.0,0.0,-1.0,1.0,0.0,0.0,0.0
258,750.0,-1.0,0.44594784732012904,-0.34996651038178167,1.0,0.0,0.0,0.0,0.18515263338651083,1.0,0.0,0.0,0.0,-1.0,0.0,1.0,0.0,0.0,1.0,0.0,0.0,0.0,0.0,0.0,0.0,0.0,0.0,0.0,0.0,0.0,0.0
259,730.0,0.92,-0.5090691482762065,1.1220457372500239,0.0,0.0,0.0,0.0,0.6363553498969287,0.0,0.0,0.0,0.0,0.0,0.0,0.0,0.0,0.0,0.0,0.0,0.0,1.0,0.0,0.0,0.0,0.0,0.0,0.0,0.0,0.0,0.0
260,710.0,-1.08,0.44594784732012904,-0.5341594105827193,1.0,0.0,1.0,0.0,-0.7566276228704343,0.0,0.0,0.0,0.0,0.0,0.0,0.0,0.0,0.0,0.0,1.0,0.0,0.0,0.0,0.0,0.0,0.0,0.0,0.0,-1.0,1.0,0.0
261,650.0,0.04,0.44594784732012904,-0.30604726820399963,0.0,0.0,0.0,0.0,0.6363553498969287,1.0,0.0,0.0,0.0,0.0,0.0,0.0,0.0,0.0,0.0,1.0,0.0,0.0,0.0,0.0,0.0,0.0,-1.0,1.0,0.0,0.0,0.0
262,600.0,0.12,-1.9711372662709867,0.5480336809874653,1.0,-9.82027800373919,0.0,0.0,-1.1146799895044643,-0.9527133354241732,0.0,1.0,0.0,-1.0,0.0,0.0,1.0,-1.0,0.0,0.0,1.0,0.0,0.0,-1.0,1.0,0.0,-1.0,1.0,0.0,0.0,0.0
263,740.0,-0.64,0.44594784732012904,-0.18959908142761459,1.0,0.0,1.0,0.0,0.06935901391629631,0.0,0.0,0.0,0.0,0.0,0.0,0.0,0.0,0.0,0.0,0.0,1.0,0.0,0.0,0.0,0.0,0.0,0.0,0.0,-1.0,1.0,0.0
264,525.0,-0.68,-1.8867506702131016,1.4705769782795906,1.0,0.0,1.0,0.0,0.06935901391629631,1.0,0.0,0.0,0.0,0.0,0.0,0.0,0.0,0.0,0.0,1.0,0.0,0.0,0.0,0.0,0.0,0.0,0.0,0.0,-1.0,1.0,0.0
265,750.0,-0.88,0.44594784732012904,-0.528609702420821,0.0,0.0,0.0,0.0,0.6363553498969287,0.0,0.0,0.0,0.0,-1.0,0.0,1.0,0.0,0.0,1.0,0.0,0.0,0.0,0.0,0.0,0.0,0.0,0.0,0.0,0.0,0.0,0.0
266,750.0,0.68,-0.13766047971825757,0.8096832838962779,1.0,0.0,1.0,0.0,0.0,1.0,0.0,0.0,0.0,0.0,0.0,0.0,0.0,0.0,0.0,0.0,0.0,1.0,0.0,0.0,0.0,0.0,0.0,0.0,-1.0,1.0,0.0
267,710.0,0.48,-0.13766047971825757,0.7711702229451727,1.0,0.0,1.0,0.0,0.09604477213644151,1.0,0.0,0.0,0.0,0.0,0.0,0.0,0.0,0.0,0.0,0.0,0.0,1.0,0.0,0.0,0.0,0.0,0.0,0.0,-1.0,1.0,0.0
268,560.0,-0.44,0.44594784732012904,-0.4083341307051957,1.0,0.0,1.0,0.0,-0.7566276228704343,0.0,0.0,0.0,0.0,-1.0,0.0,1.0,0.0,0.0,1.0,0.0,0.0,0.0,0.0,0.0,0.0,0.0,0.0,0.0,-1.0,1.0,0.0
269,600.0,-0.6,-0.7628881162943967,0.31499378049947374,0.0,0.0,0.0,0.0,-0.7566276228704343,0.0,0.0,0.0,0.0,0.0,0.0,0.0,0.0,0.0,0.0,1.0,0.0,0.0,0.0,0.0,0.0,0.0,0.0,0.0,0.0,0.0,0.0
270,720.0,-0.52,0.44594784732012904,-0.41775906611807484,0.0,0.0,1.0,0.0,0.015696897987163973,0.0,0.0,0.0,0.0,0.0,0.0,0.0,0.0,0.0,0.0,1.0,0.0,0.0,0.0,0.0,0.0,0.0,0.0,0.0,0.0,0.0,0.0
271,750.0,0.12,0.44594784732012904,-0.4655056932350971,0.0,0.0,0.0,0.0,-1.1146799895044643,0.0,0.0,0.0,0.0,0.0,0.0,0.0,0.0,0.0,0.0,0.0,1.0,0.0,0.0,0.0,0.0,0.0,0.0,0.0,0.0,0.0,0.0
272,750.0,-0.6,0.44594784732012904,-0.45732465792747107,0.0,0.0,0.0,0.0,0.6363553498969287,1.0,0.0,0.0,0.0,0.0,0.0,0.0,1.0,-1.0,0.0,1.0,0.0,0.0,0.0,0.0,0.0,0.0,-1.0,1.0,0.0,0.0,0.0
273,750.0,1.32,0.44594784732012904,-0.24366089369438332,0.0,0.0,0.0,0.0,0.6363553498969287,1.0,0.0,0.0,0.0,-1.0,0.0,1.0,0.0,0.0,1.0,0.0,0.0,0.0,0.0,0.0,0.0,0.0,0.0,0.0,0.0,0.0,0.0
274,650.0,-0.48,0.44594784732012904,-0.4073294421586451,1.0,0.0,1.0,0.0,-0.7566276228704343,1.0,0.0,0.0,0.0,-1.0,0.0,1.0,1.0,-1.0,1.0,0.0,0.0,0.0,0.0,0.0,0.0,0.0,-1.0,1.0,0.0,0.0,0.0
275,650.0,0.08,-0.35560696865778596,0.39785666443402545,1.0,0.0,0.0,0.0,0.0,1.0,0.0,0.0,0.0,0.0,0.0,0.0,0.0,0.0,0.0,1.0,0.0,0.0,0.0,0.0,0.0,0.0,0.0,0.0,0.0,0.0,0.0
276,670.0,0.72,-1.6792064634778687,0.7049564634963161,0.0,0.0,0.0,0.0,0.06935901391629631,1.0,0.0,0.0,0.0,0.0,0.0,0.0,0.0,0.0,0.0,0.0,1.0,0.0,0.0,0.0,0.0,0.0,0.0,0.0,0.0,0.0,0.0
277,650.0,-0.48,-0.4735453216699328,0.0029662233279112047,0.0,-7.827968160507453,1.0,0.0,0.0,1.0,0.0,0.0,0.0,0.0,0.0,0.0,0.0,0.0,0.0,1.0,0.0,0.0,0.0,0.0,0.0,0.0,-1.0,1.0,0.0,0.0,0.0
278,750.0,-1.0,0.44594784732012904,-0.33403502057219403,0.0,0.0,0.0,0.0,0.0,1.0,0.0,0.0,0.0,0.0,0.0,0.0,0.0,0.0,0.0,1.0,0.0,0.0,0.0,0.0,0.0,0.0,0.0,0.0,0.0,0.0,0.0
279,725.0,-0.28,0.44594784732012904,-0.3232705004305808,-0.6778598699203771,-13.120517397052595,-0.37475834850433876,-11.53836688326544,-1.1146799895044643,-0.9527133354241732,0.0,0.0,0.0,0.0,0.0,0.0,0.0,0.0,0.0,1.0,0.0,0.0,0.0,0.0,0.0,0.0,0.0,0.0,-1.0,0.0,1.0
280,620.0,-1.48,0.44594784732012904,-0.4988996268299684,0.0,0.0,0.0,0.0,0.24337237712956566,1.0,0.0,0.0,0.0,-1.0,0.0,1.0,1.0,-1.0,1.0,0.0,0.0,0.0,0.0,0.0,0.0,0.0,-1.0,1.0,0.0,0.0,0.0
281,680.0,-0.88,0.44594784732012904,-0.43120275571715627,0.0,0.0,0.0,0.0,-0.7566276228704343,0.0,0.0,0.0,0.0,0.0,0.0,0.0,0.0,0.0,0.0,1.0,0.0,0.0,0.0,0.0,0.0,0.0,-1.0,1.0,0.0,0.0,0.0
282,750.0,1.2,-0.3973630032626751,0.009472777724619654,0.0,0.0,0.0,0.0,-0.7566276228704343,1.0,0.0,0.0,0.0,0.0,0.0,0.0,0.0,0.0,0.0,0.0,0.0,1.0,0.0,0.0,0.0,0.0,0.0,0.0,0.0,0.0,0.0
283,670.0,-0.16,-0.4735453216699328,0.0029662233279112047,0.0,-7.827968160507453,1.0,0.0,0.24337237712956566,1.0,0.0,0.0,0.0,0.0,0.0,0.0,0.0,0.0,0.0,1.0,0.0,0.0,0.0,0.0,0.0,0.0,-1.0,1.0,0.0,0.0,0.0
284,600.0,0.72,-0.13766047971825757,0.7862883934551718,-0.6778598699203771,-13.120517397052595,-0.37475834850433876,-11.53836688326544,-1.1146799895044643,-0.9527133354241732,0.0,0.0,0.0,0.0,0.0,0.0,0.0,0.0,0.0,0.0,0.0,1.0,0.0,0.0,0.0,0.0,0.0,0.0,-1.0,0.0,1.0
285,750.0,0.52,-0.2676177480528327,0.014017797339967468,0.0,0.0,0.0,0.0,0.6363553498969287,0.0,0.0,0.0,0.0,0.0,0.0,0.0,0.0,0.0,0.0,0.0,1.0,0.0,0.0,0.0,0.0,0.0,0.0,0.0,0.0,0.0,0.0
286,700.0,-0.84,-0.7006695339123288,-0.13376710362644723,0.0,0.0,0.0,0.0,0.06935901391629631,0.0,0.0,0.0,0.0,0.0,0.0,0.0,0.0,0.0,0.0,0.0,1.0,0.0,0.0,0.0,0.0,0.0,0.0,0.0,0.0,0.0,0.0
287,695.0,0.04,0.44594784732012904,-0.318725480815233,1.0,0.0,1.0,0.0,0.24337237712956566,1.0,0.0,0.0,0.0,0.0,0.0,0.0,1.0,-1.0,0.0,1.0,0.0,0.0,0.0,0.0,0.0,0.0,0.0,0.0,-1.0,1.0,0.0
288,710.0,0.36,-1.6792064634778687,0.6072146206104679,0.0,0.0,0.0,0.0,0.0,1.0,0.0,0.0,0.0,0.0,0.0,0.0,0.0,0.0,0.0,1.0,0.0,0.0,0.0,0.0,0.0,0.0,0.0,0.0,0.0,0.0,0.0
289,620.0,0.92,-1.7170437197992552,1.7682039996172616,0.0,0.0,0.0,0.0,0.0,0.0,0.0,0.0,0.0,0.0,0.0,0.0,0.0,0.0,0.0,0.0,1.0,0.0,0.0,0.0,0.0,0.0,0.0,0.0,0.0,0.0,0.0
290,700.0,0.92,-0.7006695339123288,1.3676203234140274,0.0,0.0,0.0,0.0,0.24337237712956566,0.0,0.0,0.0,0.0,0.0,0.0,0.0,0.0,0.0,0.0,0.0,0.0,1.0,0.0,0.0,0.0,0.0,-1.0,1.0,0.0,0.0,0.0
291,715.0,1.28,-0.5100993740585356,1.2915032054348865,0.0,0.0,0.0,0.0,-0.7566276228704343,0.0,0.0,0.0,0.0,0.0,0.0,0.0,0.0,0.0,0.0,0.0,0.0,1.0,0.0,0.0,0.0,0.0,0.0,0.0,0.0,0.0,0.0
292,750.0,-0.28,0.44594784732012904,-0.05348770452588269,0.0,0.0,0.0,0.0,0.24337237712956566,1.0,0.0,0.0,0.0,0.0,0.0,0.0,0.0,0.0,0.0,1.0,0.0,0.0,0.0,0.0,0.0,0.0,-1.0,1.0,0.0,0.0,0.0
293,750.0,-0.48,0.44594784732012904,-0.18634580422926036,0.0,0.0,1.0,0.0,0.0,1.0,0.0,0.0,0.0,0.0,0.0,0.0,0.0,0.0,0.0,1.0,0.0,0.0,0.0,0.0,0.0,0.0,0.0,0.0,0.0,0.0,0.0
294,550.0,-1.28,0.44594784732012904,-0.36699837336140084,0.0,0.0,0.0,0.0,-0.7566276228704343,0.0,0.0,0.0,0.0,-1.0,0.0,1.0,1.0,-1.0,1.0,0.0,0.0,0.0,0.0,0.0,0.0,0.0,0.0,0.0,0.0,0.0,0.0
295,730.0,0.12,-0.1871664143214927,0.7406946703664721,0.0,0.0,0.0,0.0,-1.1146799895044643,0.0,0.0,0.0,0.0,0.0,0.0,0.0,0.0,0.0,0.0,1.0,0.0,0.0,0.0,0.0,0.0,0.0,0.0,0.0,0.0,0.0,0.0
296,750.0,-0.44,0.44594784732012904,-0.4034063725959238,0.0,0.0,0.0,0.0,0.6363553498969287,1.0,0.0,0.0,0.0,-1.0,1.0,0.0,0.0,0.0,0.0,0.0,1.0,0.0,0.0,0.0,0.0,0.0,0.0,0.0,0.0,0.0,0.0
297,700.0,-0.48,-0.3973630032626751,0.07492106018562816,0.0,0.0,0.0,0.0,-0.7566276228704343,0.0,0.0,0.0,0.0,0.0,0.0,0.0,0.0,0.0,0.0,1.0,0.0,0.0,0.0,0.0,0.0,0.0,0.0,0.0,0.0,0.0,0.0
298,680.0,1.12,-0.3973630032626751,0.04698115012917424,0.0,-9.82027800373919,0.0,0.0,-0.7566276228704343,1.0,0.0,0.0,0.0,0.0,0.0,0.0,0.0,0.0,0.0,0.0,1.0,0.0,0.0,0.0,0.0,0.0,0.0,0.0,0.0,0.0,0.0
299,600.0,-1.16,0.44594784732012904,-0.3780977896851976,1.0,0.0,0.0,0.0,0.6363553498969287,0.0,0.0,0.0,0.0,0.0,0.0,0.0,1.0,-1.0,0.0,1.0,0.0,0.0,0.0,0.0,0.0,0.0,-1.0,1.0,0.0,0.0,0.0
300,750.0,0.92,0.0,0.8934073294421586,0.0,0.0,0.0,0.0,0.24337237712956566,0.0,0.0,0.0,0.0,0.0,0.0,0.0,0.0,0.0,0.0,0.0,1.0,0.0,0.0,0.0,0.0,0.0,0.0,0.0,0.0,0.0,0.0
301,700.0,0.2,-0.2676177480528327,0.03439862214142187,0.0,0.0,0.0,0.0,0.0,1.0,0.0,0.0,0.0,0.0,0.0,0.0,0.0,0.0,0.0,1.0,0.0,0.0,0.0,0.0,0.0,0.0,0.0,0.0,0.0,0.0,0.0
302,690.0,0.8,0.44594784732012904,-0.24102956654865562,0.0,0.0,0.0,0.0,-0.7566276228704343,1.0,0.0,0.0,0.0,0.0,0.0,0.0,0.0,0.0,0.0,0.0,1.0,0.0,0.0,0.0,0.0,0.0,-1.0,1.0,0.0,0.0,0.0
303,700.0,-0.28,0.44594784732012904,-0.21419002966223327,0.0,0.0,0.0,0.0,-0.7566276228704343,0.0,0.0,0.0,0.0,0.0,0.0,0.0,0.0,0.0,0.0,1.0,0.0,0.0,0.0,0.0,0.0,0.0,0.0,0.0,0.0,0.0,0.0
304,750.0,1.2,-0.3973630032626751,0.0694670366472108,0.0,0.0,0.0,0.0,0.09604477213644151,1.0,0.0,0.0,0.0,0.0,0.0,0.0,0.0,0.0,0.0,0.0,1.0,0.0,0.0,0.0,0.0,0.0,-1.0,1.0,0.0,0.0,0.0
305,735.0,-0.24,-0.4735453216699328,0.08142761458233662,0.0,0.0,0.0,0.0,0.6363553498969287,1.0,0.0,0.0,0.0,0.0,0.0,0.0,0.0,0.0,0.0,1.0,0.0,0.0,0.0,0.0,0.0,0.0,0.0,0.0,0.0,0.0,0.0
306,700.0,0.92,-0.35706008740721823,0.261027652856186,0.0,0.0,0.0,0.0,0.09604477213644151,1.0,0.0,0.0,0.0,0.0,0.0,0.0,0.0,0.0,0.0,0.0,0.0,1.0,0.0,0.0,0.0,0.0,-1.0,1.0,0.0,0.0,0.0
307,725.0,0.72,-0.554052152679871,0.18782891589321596,0.0,0.0,0.0,0.0,-1.1146799895044643,0.0,0.0,0.0,0.0,0.0,0.0,0.0,0.0,0.0,0.0,0.0,0.0,1.0,0.0,0.0,0.0,0.0,0.0,0.0,0.0,0.0,0.0
308,733.0,0.45600000000000024,-0.13766047971825757,0.7760022964309635,0.0,0.0,0.0,5.959511724524873,0.0,1.0,0.0,0.0,0.0,0.0,0.0,0.0,0.0,0.0,0.0,0.0,1.0,0.0,0.0,0.0,0.0,0.0,0.0,0.0,0.0,0.0,0.0
309,750.0,-0.84,0.44594784732012904,-0.3867572481102287,1.0,0.0,0.0,0.0,-0.7566276228704343,1.0,0.0,0.0,0.0,0.0,0.0,0.0,0.0,0.0,0.0,1.0,0.0,0.0,0.0,0.0,0.0,0.0,0.0,0.0,0.0,0.0,0.0
310,675.0,0.48,0.44594784732012904,-0.3188690077504545,0.0,0.0,0.0,0.0,-0.7566276228704343,0.0,0.0,0.0,0.0,0.0,0.0,0.0,0.0,0.0,0.0,0.0,1.0,0.0,0.0,0.0,0.0,0.0,-1.0,1.0,0.0,0.0,0.0
311,650.0,1.12,-1.186627299003603,1.470911874461774,1.0,0.0,0.0,0.0,0.0,0.0,0.0,0.0,0.0,0.0,0.0,0.0,0.0,0.0,0.0,0.0,1.0,0.0,0.0,0.0,0.0,0.0,-1.0,1.0,0.0,0.0,0.0
312,730.0,-0.2,0.44594784732012904,-0.30820017223232227,1.0,0.0,0.0,0.0,-0.7566276228704343,1.0,0.0,0.0,0.0,0.0,0.0,0.0,0.0,0.0,0.0,1.0,0.0,0.0,0.0,0.0,0.0,0.0,0.0,0.0,0.0,0.0,0.0
313,700.0,1.6,-0.7006695339123288,0.5876949574203425,0.0,0.0,0.0,0.0,-0.7566276228704343,1.0,0.0,0.0,0.0,0.0,0.0,0.0,0.0,0.0,0.0,1.0,0.0,0.0,0.0,0.0,0.0,0.0,-1.0,1.0,0.0,0.0,0.0
314,690.0,-0.76,0.44594784732012904,-0.31207539948330304,1.0,0.0,1.0,0.0,0.0,1.0,0.0,0.0,0.0,-1.0,0.0,1.0,1.0,-1.0,1.0,0.0,0.0,0.0,0.0,0.0,0.0,0.0,0.0,0.0,-1.0,1.0,0.0
315,700.0,0.52,-1.186627299003603,1.4756961056358244,0.0,0.0,0.0,0.0,0.24337237712956566,0.0,0.0,0.0,0.0,0.0,0.0,0.0,0.0,0.0,0.0,0.0,1.0,0.0,0.0,0.0,0.0,0.0,-1.0,1.0,0.0,0.0,0.0
316,600.0,1.28,-1.8150873077887322,1.5382738493924026,0.0,0.0,0.0,0.0,0.0,0.0,0.0,0.0,1.0,-1.0,0.0,0.0,0.0,0.0,0.0,0.0,1.0,0.0,0.0,-1.0,1.0,0.0,0.0,0.0,0.0,0.0,0.0
317,700.0,-1.28,0.44594784732012904,-0.5564060855420534,0.0,0.0,0.0,0.0,-0.7566276228704343,0.0,0.0,0.0,0.0,-1.0,0.0,1.0,1.0,-1.0,1.0,0.0,0.0,0.0,0.0,0.0,0.0,0.0,0.0,0.0,0.0,0.0,0.0
318,690.0,0.12,-0.8277163071481946,0.7982011290785571,0.0,0.0,0.0,0.0,-0.7566276228704343,0.0,0.0,0.0,0.0,0.0,0.0,0.0,0.0,0.0,0.0,0.0,1.0,0.0,0.0,0.0,0.0,0.0,0.0,0.0,0.0,0.0,0.0
319,750.0,2.28,-0.06543566773301081,0.7548559946416611,0.0,0.0,0.0,0.0,0.24337237712956566,0.0,0.0,0.0,1.0,-1.0,0.0,0.0,0.0,0.0,0.0,0.0,0.0,1.0,0.0,-1.0,0.0,1.0,-1.0,1.0,0.0,0.0,0.0
320,700.0,-0.24,0.44594784732012904,-0.1841929002009377,1.0,0.0,0.0,0.0,-0.7566276228704343,0.0,0.0,0.0,0.0,-1.0,0.0,1.0,0.0,0.0,1.0,0.0,0.0,0.0,0.0,0.0,0.0,0.0,0.0,0.0,0.0,0.0,0.0
321,670.0,0.16,-0.5090691482762065,1.0915223423595828,0.0,0.0,0.0,0.0,-0.7566276228704343,1.0,0.0,0.0,0.0,0.0,0.0,0.0,0.0,0.0,0.0,1.0,0.0,0.0,0.0,0.0,0.0,0.0,0.0,0.0,0.0,0.0,0.0
322,750.0,0.92,-1.4582452091914828,0.6106592670557841,0.0,0.0,0.0,0.0,0.6363553498969287,1.0,0.0,0.0,0.0,0.0,0.0,0.0,0.0,0.0,0.0,0.0,1.0,0.0,0.0,0.0,0.0,0.0,0.0,0.0,0.0,0.0,0.0
323,740.0,-0.96,0.44594784732012904,-0.1913214046502727,0.0,0.0,0.0,0.0,-0.7566276228704343,1.0,0.0,0.0,0.0,-1.0,0.0,1.0,0.0,0.0,1.0,0.0,0.0,0.0,0.0,0.0,0.0,0.0,0.0,0.0,0.0,0.0,0.0
324,750.0,2.12,-0.1871664143214927,0.7489713902975792,0.0,0.0,0.0,0.0,0.24337237712956566,0.0,0.0,0.0,0.0,0.0,0.0,0.0,0.0,0.0,0.0,0.0,0.0,0.0,1.0,-1.0,1.0,0.0,0.0,0.0,0.0,0.0,0.0
325,750.0,0.2,0.44594784732012904,-0.31662041909865085,0.0,0.0,1.0,0.0,0.06935901391629631,0.0,0.0,0.0,0.0,0.0,0.0,0.0,0.0,0.0,0.0,0.0,1.0,0.0,0.0,0.0,0.0,0.0,0.0,0.0,0.0,0.0,0.0
326,750.0,0.52,0.03822069223011262,0.18907281599846903,1.0,0.0,0.0,0.0,-0.7566276228704343,1.0,0.0,0.0,0.0,-1.0,0.0,1.0,0.0,0.0,1.0,0.0,0.0,0.0,0.0,0.0,0.0,0.0,-1.0,1.0,0.0,0.0,0.0
327,650.0,-1.16,0.44594784732012904,-0.33116448186776387,0.0,0.0,0.0,0.0,-0.7566276228704343,0.0,0.0,0.0,0.0,-1.0,0.0,1.0,0.0,0.0,1.0,0.0,0.0,0.0,0.0,0.0,0.0,0.0,0.0,0.0,0.0,0.0,0.0
328,625.0,-0.24,-1.6792064634778687,0.6070710936752464,1.0,0.0,0.0,0.0,0.0,1.0,0.0,0.0,0.0,0.0,0.0,0.0,0.0,0.0,0.0,1.0,0.0,0.0,0.0,0.0,0.0,0.0,0.0,0.0,0.0,0.0,0.0
329,700.0,-0.88,0.44594784732012904,-0.4810544445507607,1.0,0.0,0.0,0.0,-0.7566276228704343,1.0,0.0,0.0,0.0,0.0,0.0,0.0,0.0,0.0,0.0,1.0,0.0,0.0,0.0,0.0,0.0,0.0,0.0,0.0,0.0,0.0,0.0
330,750.0,1.52,0.0,0.8821165438713998,0.0,0.0,0.0,0.0,0.24337237712956566,0.0,0.0,0.0,0.0,0.0,0.0,0.0,0.0,0.0,0.0,0.0,1.0,0.0,0.0,-1.0,1.0,0.0,0.0,0.0,0.0,0.0,0.0
331,600.0,-1.28,0.44594784732012904,-0.4070902305999426,1.0,0.0,0.0,0.0,-0.7566276228704343,0.0,0.0,0.0,0.0,-1.0,0.0,1.0,1.0,-1.0,1.0,0.0,0.0,0.0,0.0,0.0,0.0,0.0,0.0,0.0,0.0,0.0,0.0
332,750.0,1.28,-0.4735453216699328,0.02664816763946034,1.0,0.0,0.0,0.0,0.0,1.0,0.0,0.0,0.0,0.0,0.0,0.0,0.0,0.0,0.0,0.0,1.0,0.0,0.0,-1.0,1.0,0.0,0.0,0.0,0.0,0.0,0.0
333,700.0,-0.08,-2.0776955725495214,0.9416802219883265,1.0,0.0,0.0,0.0,0.24337237712956566,1.0,0.0,0.0,0.0,0.0,0.0,0.0,0.0,0.0,0.0,1.0,0.0,0.0,0.0,0.0,0.0,0.0,0.0,0.0,0.0,0.0,0.0
334,750.0,1.32,0.0,0.7853315472203617,0.0,0.0,0.0,0.0,0.0,1.0,0.0,0.0,0.0,0.0,0.0,0.0,0.0,0.0,0.0,0.0,0.0,1.0,0.0,-1.0,1.0,0.0,0.0,0.0,0.0,0.0,0.0
335,750.0,-0.36,0.44594784732012904,-0.26260644914362263,0.0,0.0,0.0,0.0,0.0,1.0,0.0,0.0,0.0,0.0,0.0,0.0,0.0,0.0,0.0,0.0,1.0,0.0,0.0,0.0,0.0,0.0,0.0,0.0,0.0,0.0,0.0
336,625.0,0.0,-1.8867506702131016,1.4987082575830064,0.0,0.0,0.0,0.0,-0.7566276228704343,0.0,0.0,0.0,0.0,0.0,0.0,0.0,0.0,0.0,0.0,0.0,1.0,0.0,0.0,0.0,0.0,0.0,0.0,0.0,0.0,0.0,0.0
337,750.0,-0.44,0.03822069223011262,0.18208783848435556,0.0,0.0,1.0,0.0,0.24337237712956566,0.0,0.0,0.0,0.0,0.0,0.0,0.0,0.0,0.0,0.0,1.0,0.0,0.0,0.0,0.0,0.0,0.0,0.0,0.0,0.0,0.0,0.0
338,695.0,0.08,0.44594784732012904,-0.1782604535451153,0.0,0.0,0.0,0.0,0.6363553498969287,1.0,0.0,0.0,0.0,0.0,0.0,0.0,0.0,0.0,0.0,1.0,0.0,0.0,0.0,0.0,0.0,0.0,-1.0,1.0,0.0,0.0,0.0
339,450.0,-0.68,-3.46282595424921,1.6243421682135681,1.0,0.0,0.0,0.0,0.24337237712956566,0.0,0.0,0.0,0.0,0.0,0.0,0.0,0.0,0.0,0.0,1.0,0.0,0.0,0.0,0.0,0.0,0.0,0.0,0.0,0.0,0.0,0.0
340,720.0,0.04,-0.2676177480528327,0.05406181226676873,1.0,0.0,0.0,0.0,-0.7566276228704343,0.0,0.0,0.0,0.0,0.0,0.0,0.0,0.0,0.0,0.0,0.0,1.0,0.0,0.0,0.0,0.0,0.0,0.0,0.0,0.0,0.0,0.0
341,745.0,0.64,-0.13766047971825757,0.7883934551717539,0.0,0.0,0.0,5.959511724524873,0.0,1.0,0.0,0.0,0.0,0.0,0.0,0.0,0.0,0.0,0.0,0.0,1.0,0.0,0.0,0.0,0.0,0.0,0.0,0.0,0.0,0.0,0.0
342,720.0,0.5039999999999998,-0.13766047971825757,0.7799732083054253,0.0,0.0,0.0,5.959511724524873,0.0,1.0,0.0,0.0,0.0,0.0,0.0,0.0,0.0,0.0,0.0,0.0,1.0,0.0,0.0,0.0,0.0,0.0,0.0,0.0,0.0,0.0,0.0
343,750.0,-0.08,0.44594784732012904,-0.23246579274710555,0.0,0.0,0.0,0.0,0.24337237712956566,0.0,0.0,0.0,0.0,0.0,0.0,0.0,0.0,0.0,0.0,0.0,1.0,0.0,0.0,0.0,0.0,0.0,0.0,0.0,0.0,0.0,0.0
344,720.0,-0.36,0.44594784732012904,-0.311596976365898,0.0,0.0,0.0,0.0,0.24337237712956566,1.0,0.0,0.0,0.0,-1.0,0.0,1.0,0.0,0.0,1.0,0.0,0.0,0.0,0.0,0.0,0.0,0.0,-1.0,1.0,0.0,0.0,0.0
345,725.0,-0.52,0.44594784732012904,-0.5349248875705674,0.0,0.0,0.0,0.0,0.08208095386938932,1.0,0.0,0.0,0.0,-1.0,0.0,1.0,1.0,-1.0,1.0,0.0,0.0,0.0,0.0,0.0,0.0,0.0,-1.0,1.0,0.0,0.0,0.0
346,750.0,0.92,0.44594784732012904,-0.20620036360156924,0.0,0.0,0.0,0.0,0.09604477213644151,1.0,0.0,0.0,0.0,0.0,0.0,0.0,1.0,-1.0,0.0,0.0,1.0,0.0,0.0,0.0,0.0,0.0,-1.0,1.0,0.0,0.0,0.0
347,550.0,1.16,-2.6063711324503047,1.6805568845086594,0.0,0.0,0.0,0.0,0.24337237712956566,1.0,0.0,0.0,0.0,0.0,0.0,0.0,0.0,0.0,0.0,0.0,1.0,0.0,0.0,0.0,0.0,0.0,0.0,0.0,0.0,0.0,0.0
348,640.0,0.48,-1.4629501733275236,0.8128408764711511,0.0,0.0,0.0,0.0,0.0,1.0,0.0,0.0,0.0,0.0,0.0,0.0,0.0,0.0,0.0,0.0,1.0,0.0,0.0,0.0,0.0,0.0,-1.0,1.0,0.0,0.0,0.0
349,700.0,-0.12,-0.4735453216699328,-0.031815137307434696,1.0,0.0,1.0,0.0,0.24337237712956566,1.0,0.0,0.0,0.0,0.0,0.0,0.0,0.0,0.0,0.0,1.0,0.0,0.0,0.0,0.0,0.0,0.0,0.0,0.0,-1.0,1.0,0.0
350,700.0,0.08,0.44594784732012904,-0.22926035786049181,0.0,0.0,0.0,0.0,0.0602875372371654,1.0,0.0,0.0,0.0,0.0,0.0,0.0,0.0,0.0,0.0,1.0,0.0,0.0,0.0,0.0,0.0,0.0,-1.0,1.0,0.0,0.0,0.0
351,700.0,0.72,-0.13766047971825757,0.8629796191751985,0.0,0.0,0.0,0.0,0.24337237712956566,0.0,0.0,0.0,0.0,0.0,0.0,0.0,0.0,0.0,0.0,0.0,1.0,0.0,0.0,0.0,0.0,0.0,-1.0,1.0,0.0,0.0,0.0
352,695.0,0.2,-0.7641929205302672,0.1359200076547699,0.0,0.0,0.0,0.0,0.06935901391629631,0.0,0.0,0.0,0.0,0.0,0.0,0.0,1.0,-1.0,0.0,0.0,1.0,0.0,0.0,0.0,0.0,0.0,-1.0,1.0,0.0,0.0,0.0
